-- 29_local_data_snapshot_v2.sql
-- 28_local_data_snapshot.sql 이후 로컬 개발 DB의 최신 데이터 스냅샷
-- (pg_dump --data-only --column-inserts --disable-triggers, PostgreSQL 18.4).
-- 28번 대비 변경점: header_fields(시스템/거래공통/메시지 헤더 필드 정의) 테이블 추가,
-- menus 중복 행 정리(21~23 재실행으로 생겼던 중복 제거), api_specs에 엑셀 자동입력으로
-- 등록한 골프장 키오스크(OchKioskRsv) 예시 데이터 포함.
-- 재실행 시 아래 11개 테이블을 TRUNCATE 후 전량 재적재(멱등, RESTART IDENTITY CASCADE로 시퀀스도 초기화).
-- 스키마는 이 스크립트에 포함되지 않음 — 01~28 스크립트가 이미 적용된 DB에서만 실행할 것.
-- PG16 서버에서 실행 시 "SET transaction_timeout = 0;"(PG17+ 신규 파라미터) 줄에서
-- unrecognized configuration parameter 오류 발생 가능 — 해당 줄만 걸러서 실행:
--   grep -v "^SET transaction_timeout" 29_local_data_snapshot_v2.sql | psql ...
-- 실행 순서: 29번 (01~28 실행 후). UTF-8 저장.
SET client_encoding TO 'UTF8';

TRUNCATE TABLE
  users, partners, firewall_requests, notices, inquiries,
  api_specs, partner_firewall_applies, roles, menus, role_menus, header_fields
  RESTART IDENTITY CASCADE;

--
-- PostgreSQL database dump
--


-- Dumped from database version 18.4 (Ubuntu 18.4-0ubuntu0.26.04.1)
-- Dumped by pg_dump version 18.4 (Ubuntu 18.4-0ubuntu0.26.04.1)

SET statement_timeout = 0;
SET lock_timeout = 0;
SET idle_in_transaction_session_timeout = 0;
SET transaction_timeout = 0;
SET client_encoding = 'UTF8';
SET standard_conforming_strings = on;
SELECT pg_catalog.set_config('search_path', '', false);
SET check_function_bodies = false;
SET xmloption = content;
SET client_min_messages = warning;
SET row_security = off;

--
-- Data for Name: api_specs; Type: TABLE DATA; Schema: public; Owner: postgres
--

SET SESSION AUTHORIZATION DEFAULT;

ALTER TABLE public.api_specs DISABLE TRIGGER ALL;

INSERT INTO public.api_specs (id, category, domain, name, description, endpoints, error_codes, display_order, created_at) VALUES (1, 'resort', 'condo', '콘도 예약 API', '한화호텔앤드리조트 콘도 객실 예약을 생성·조회·변경·취소하는 API입니다. (대형법인사용)', '[{"url": "/api/v1/resort/condo/reserve", "method": "POST", "params": [{"desc": "파트너사 고유 코드", "name": "partnerId", "type": "String", "required": true}, {"desc": "입실일 (YYYY-MM-DD)", "name": "checkIn", "type": "String", "required": true}, {"desc": "퇴실일 (YYYY-MM-DD)", "name": "checkOut", "type": "String", "required": true}, {"desc": "객실 유형 코드", "name": "roomType", "type": "String", "required": false}, {"desc": "투숙 인원 수", "name": "guestCount", "type": "Integer", "required": false}], "description": "예약 등록", "responseExample": "{\"resultCode\":\"0000\",\"resultMsg\":\"예약이 완료되었습니다.\",\"data\":{\"reservationId\":\"RSV-20250801-000123\",\"status\":\"CONFIRMED\"}}"}, {"url": "/api/v1/resort/condo/reserve/{id}", "method": "GET", "params": [{"desc": "예약 ID (Path Variable)", "name": "id", "type": "String", "required": true}], "description": "예약 조회", "responseExample": null}, {"url": "/api/v1/resort/condo/reserve/{id}", "method": "DELETE", "params": [{"desc": "예약 ID (Path Variable)", "name": "id", "type": "String", "required": true}], "description": "예약 취소", "responseExample": null}]', '[]', 1, '2026-06-26 14:29:27.107837+09');
INSERT INTO public.api_specs (id, category, domain, name, description, endpoints, error_codes, display_order, created_at) VALUES (3, 'resort', 'OchKioskRsv', 'OCH / KIOSK / 예약정보 조회', 'OCH / KIOSK / 예약정보 조회', '[{"url": "HBSGOLOCH0119", "method": "POST", "params": [{"desc": "", "name": "ds_inSearch.CORP_CD", "type": "String", "label": "법인 코드", "required": true}, {"desc": "", "name": "ds_inSearch.BRCH_CD", "type": "String", "label": "사업장 코드", "required": true}, {"desc": "", "name": "ds_inSearch.RSRV_NO", "type": "String", "label": "예약 번호", "required": false}, {"desc": "", "name": "ds_inSearch.TEEOFF_NO", "type": "String", "label": "티업 번호", "required": false}, {"desc": "", "name": "ds_inSearch.RSRV_DATE", "type": "String", "label": "예약 일자", "required": false}, {"desc": "", "name": "ds_inSearch.RSRV_TIME", "type": "String", "label": "예약 시간", "required": false}, {"desc": "", "name": "ds_inSearch.RSRV_CUST_NM", "type": "String", "label": "예약자 명", "required": false}, {"desc": "", "name": "ds_inSearch.FACE_ID", "type": "String", "label": "페이스아이디", "required": false}, {"desc": "", "name": "ds_inSearch.SEARCH_TYPE", "type": "String", "label": "조회 구분", "required": false}, {"desc": "", "name": "ds_inSearch.SEARCH_TYPE", "type": "String", "label": "조회 구분", "required": false}], "description": "OCH / KIOSK / 예약정보 조회", "responseExample": "{\n  \"ds_rsrvDataList\": [\n    {\n      \"BRCHCD\": \"\",\n      \"RSRV_NO\": \"\",\n      \"TEEOFF_NO\": \"\",\n      \"RSRV_DATE\": \"\",\n      \"RSRV_TIME\": \"\",\n      \"CORS_CD\": \"\",\n      \"CORS_MM\": \"\",\n      \"RSRV_CUST_NM\": \"\",\n      \"CUST_NO\": \"\",\n      \"MEMB_NO\": \"\",\n      \"CUST_TYPE1_CD\": \"\",\n      \"TEL_NO4\": \"\",\n      \"PROMTN_NO\": \"\",\n      \"PROMTN_NM\": \"\",\n      \"DSCNT_DIV_CD\": \"\",\n      \"DSCNT_AMT\": 0,\n      \"TEL_NO\": \"\",\n      \"JOINT_NM\": \"\",\n      \"BSN_DIV_CD\": \"\"\n    }\n  ]\n}"}, {"url": "HBSGOLOCH0119", "method": "POST", "params": [{"desc": "", "name": "ds_inSearch.CORP_CD", "type": "String", "label": "법인 코드", "required": false}, {"desc": "", "name": "ds_inSearch.BRCH_CD", "type": "String", "label": "사업장 코드", "required": false}, {"desc": "", "name": "ds_inSearch.RSRV_NO", "type": "String", "label": "예약 번호", "required": false}, {"desc": "", "name": "ds_inSearch.RSRV_DATE", "type": "String", "label": "예약 일자", "required": false}, {"desc": "", "name": "ds_inSearch.RSRV_CUST_NM", "type": "String", "label": "예약자 명", "required": false}, {"desc": "", "name": "ds_inSearch.SEARCH_TYPE", "type": "String", "label": "조회 구분", "required": false}], "description": "OCH / KIOSK / 예약정보 조회", "responseExample": "{\n  \"ds_rsrvJoinDataList\": [\n    {\n      \"CORP_CD\": \"\",\n      \"BRCH_CD\": \"\",\n      \"TEEOFF_NO\": \"\",\n      \"ACMPNY_SEQ\": \"\",\n      \"RSRV_NO\": \"\",\n      \"JOINT_NM\": \"\",\n      \"CUST_NO\": \"\",\n      \"CUST_CL_CD\": \"\",\n      \"MEMB_NO\": \"\",\n      \"TEL_NO1\": \"\",\n      \"TEL_NO2\": \"\",\n      \"TEL_NO3\": \"\",\n      \"TEL_NO4\": \"\",\n      \"SEX_DIV_CD\": \"\",\n      \"SEX_DIV_NM\": \"\",\n      \"CHKIN_YN\": \"\"\n    }\n  ]\n}"}, {"url": "HBSGOLOCH0121", "method": "POST", "params": [{"desc": "", "name": "ds_search.CORP_CD", "type": "String", "label": "법인 코드", "required": false}, {"desc": "", "name": "ds_search.BRCH_CD", "type": "String", "label": "사업장 코드", "required": false}, {"desc": "", "name": "ds_search.RSRV_NO", "type": "String", "label": "예약 번호", "required": false}, {"desc": "", "name": "ds_search.RSRV_DATE", "type": "String", "label": "예약 일자", "required": false}, {"desc": "", "name": "ds_search.RSRV_TIME", "type": "String", "label": "예약 시간", "required": false}, {"desc": "", "name": "ds_search.TEEOFF_NO", "type": "String", "label": "티업 번호", "required": false}, {"desc": "", "name": "ds_search.CUST_NM", "type": "String", "label": "고객 성명", "required": false}, {"desc": "", "name": "ds_search.MOBILE_NO", "type": "String", "label": "모바일 번호", "required": false}, {"desc": "", "name": "ds_search.SEX_DIV_CD", "type": "String", "label": "성별 구분 코드", "required": false}, {"desc": "", "name": "ds_search.CORS_CD", "type": "String", "label": "예약 코스", "required": false}, {"desc": "", "name": "ds_search.JOIN_ADD", "type": "String", "label": "추가 여부", "required": false}, {"desc": "", "name": "ds_search.CUST_TYPE1_CD", "type": "String", "label": "고객 유형1 코드", "required": false}, {"desc": "", "name": "ds_search.CUST_NO", "type": "String", "label": "고객 번호", "required": false}, {"desc": "", "name": "ds_search.MEMB_NO", "type": "String", "label": "회원 번호", "required": false}], "description": "OCH / KIOSK / 회원정보조회", "responseExample": "{\n  \"ds_nameCheck\": [\n    {\n      \"CORP_CD\": \"\",\n      \"START_TIME\": \"\",\n      \"START_CORS_CD\": \"\",\n      \"START_CORS_NM\": \"\"\n    }\n  ],\n  \"ds_custNameList\": [\n    {\n      \"CORP_CD\": \"\",\n      \"VIEW_CUST_NO\": \"\",\n      \"VIEW_CUS_TNM\": \"\",\n      \"CUST_NO\": \"\",\n      \"CUST_NM\": \"\",\n      \"SEX_DIV_CD\": \"\",\n      \"SEX_DIV_NM\": \"\",\n      \"CUST_TYPE1_CD\": \"\",\n      \"CUST_TYPE1_NM\": \"\",\n      \"TEL_NO1\": \"\",\n      \"TEL_NO2\": \"\",\n      \"TEL_NO3\": \"\",\n      \"TEL_NO4\": \"\",\n      \"TEL_NO5\": \"\",\n      \"TELNO\": \"\",\n      \"MOBILE_NO1\": \"\",\n      \"MOBILE_NO2\": \"\",\n      \"MOBILE_NO3\": \"\",\n      \"MOBILE_NO4\": \"\",\n      \"MOBILE_NO\": \"\",\n      \"CUST_LCLAS_CD\": \"\",\n      \"CUST_LCLAS_NM\": \"\",\n      \"MEMB_NO\": \"\",\n      \"MEMB_NM\": \"\"\n    }\n  ],\n  \"ds_rsrvJoinDataList\": [\n    {\n      \"CORP_CD\": \"\",\n      \"BRCH_CD\": \"\",\n      \"TEEOFF_NO\": \"\",\n      \"ACMPNY_SEQ\": \"\",\n      \"RSRV_NO\": \"\",\n      \"JOINT_NM\": \"\",\n      \"CUST_NO\": \"\",\n      \"CUST_CL_CD\": \"\",\n      \"MEMB_NO\": \"\",\n      \"TEL_NO1\": \"\",\n      \"TEL_NO2\": \"\",\n      \"TEL_NO3\": \"\",\n      \"TEL_NO4\": \"\",\n      \"SEX_DIV_CD\": \"\",\n      \"VST_NO\": \"\"\n    }\n  ]\n}"}, {"url": "HBSGOLOCH0121", "method": "POST", "params": [{"desc": "", "name": "ds_search.CORP_CD", "type": "String", "label": "법인 코드", "required": false}, {"desc": "", "name": "ds_search.BRCH_CD", "type": "String", "label": "사업장 코드", "required": false}, {"desc": "", "name": "ds_search.RSRV_NO", "type": "String", "label": "예약 번호", "required": false}, {"desc": "", "name": "ds_search.RSRV_DATE", "type": "String", "label": "예약 일자", "required": false}, {"desc": "", "name": "ds_search.TEEOFF_NO", "type": "String", "label": "티업 번호", "required": false}, {"desc": "", "name": "ds_search.CUST_NM", "type": "String", "label": "고객 성명", "required": false}, {"desc": "", "name": "ds_search.MOBILE_NO", "type": "String", "label": "모바일 번호", "required": false}, {"desc": "", "name": "ds_search.SEX_DIV_CD", "type": "String", "label": "성별 구분 코드", "required": false}, {"desc": "", "name": "ds_search.CORS_CD", "type": "String", "label": "예약 코스", "required": false}, {"desc": "", "name": "ds_search.JOIN_ADD", "type": "String", "label": "추가 여부", "required": false}, {"desc": "", "name": "ds_search.CUST_TYPE1_CD", "type": "String", "label": "고객 유형1 코드", "required": false}, {"desc": "", "name": "ds_search.CUST_NO", "type": "String", "label": "고객 번호", "required": false}, {"desc": "", "name": "ds_search.MEMB_NO", "type": "String", "label": "회원 번호", "required": false}], "description": "OCH / KIOSK / 회원정보조회", "responseExample": "{\n  \"ds_custNameList\": [\n    {\n      \"CORP_CD\": \"\",\n      \"VIEW_CUST_NO\": \"\",\n      \"VIEW_CUS_TNM\": \"\",\n      \"CUST_NO\": \"\",\n      \"CUST_NM\": \"\",\n      \"SEX_DIV_CD\": \"\",\n      \"SEX_DIV_NM\": \"\",\n      \"CUST_TYPE1_CD\": \"\",\n      \"CUST_TYPE1_NM\": \"\",\n      \"TEL_NO1\": \"\",\n      \"TEL_NO2\": \"\",\n      \"TEL_NO3\": \"\",\n      \"TEL_NO4\": \"\",\n      \"TEL_NO5\": \"\",\n      \"TELNO\": \"\",\n      \"MOBILE_NO1\": \"\",\n      \"MOBILE_NO2\": \"\",\n      \"MOBILE_NO3\": \"\",\n      \"MOBILE_NO4\": \"\",\n      \"MOBILE_NO\": \"\",\n      \"CUST_LCLAS_CD\": \"\",\n      \"CUST_LCLAS_NM\": \"\",\n      \"MEMB_NO\": \"\",\n      \"MEMB_NM\": \"\"\n    }\n  ],\n  \"ds_rsrvJoinDataList\": [\n    {\n      \"CORP_CD\": \"\",\n      \"BRCH_CD\": \"\",\n      \"TEEOFF_NO\": \"\",\n      \"ACMPNY_SEQ\": \"\",\n      \"RSRV_NO\": \"\",\n      \"JOINT_NM\": \"\",\n      \"CUST_NO\": \"\",\n      \"CUST_CL_CD\": \"\",\n      \"MEMB_NO\": \"\",\n      \"TEL_NO1\": \"\",\n      \"TEL_NO2\": \"\",\n      \"TEL_NO3\": \"\",\n      \"TEL_NO4\": \"\",\n      \"SEX_DIV_CD\": \"\",\n      \"VST_NO\": \"\"\n    }\n  ]\n}"}, {"url": "HBSGOLOCH0120", "method": "POST", "params": [{"desc": "", "name": "ds_search.CORP_CD", "type": "String", "label": "법인 코드", "required": false}, {"desc": "", "name": "ds_search.BRCH_CD", "type": "String", "label": "사업장 코드", "required": false}, {"desc": "", "name": "ds_search.RSRV_DATE", "type": "String", "label": "예약 일자", "required": false}, {"desc": "", "name": "ds_search.VST_NO", "type": "String", "label": "내장 번호", "required": false}, {"desc": "", "name": "ds_search.SEX_DIV_CD", "type": "String", "label": "성별 구분 코드", "required": false}, {"desc": "", "name": "ds_search.TEEOFF_NO", "type": "String", "label": "티업 번호", "required": false}, {"desc": "", "name": "ds_search.RSRV_NO", "type": "String", "label": "예약 번호", "required": false}, {"desc": "", "name": "ds_search.LCKR_USE", "type": "String", "label": "락카사용여부", "required": false}], "description": "OCH / KIOSK / 락카키 발급", "responseExample": "{\n  \"ds_result\": [\n    {\n      \"CORP_CD\": \"\",\n      \"BRCH_CD\": \"\",\n      \"CUST_NM\": \"\",\n      \"VST_NO\": \"\",\n      \"SEX_DIV_CD\": \"\",\n      \"TEEOFF_NO\": \"\",\n      \"RSRV_NO\": \"\",\n      \"RESULT_CNT\": \"\",\n      \"LCKR_NO\": \"\"\n    }\n  ]\n}"}, {"url": "HBSGOLOCH0124", "method": "POST", "params": [{"desc": "", "name": "ds_search.CORP_CD", "type": "String", "label": "법인 코드", "required": false}, {"desc": "", "name": "ds_search.BRCH_CD", "type": "String", "label": "사업장 코드", "required": false}, {"desc": "", "name": "ds_search.RSRV_NO", "type": "String", "label": "예약 번호", "required": false}, {"desc": "", "name": "ds_search.TEEOFF_NO", "type": "String", "label": "티업 번호", "required": false}, {"desc": "", "name": "ds_search.ACMPNY_SEQ", "type": "String", "label": "동반 순번", "required": false}, {"desc": "", "name": "ds_search.CUST_NM", "type": "String", "label": "동반자 성명", "required": false}, {"desc": "", "name": "ds_search.MOBILE_NO", "type": "String", "label": "모바일 번호", "required": false}, {"desc": "", "name": "ds_search.SEX_DIV_CD", "type": "String", "label": "성별 구분 코드", "required": false}, {"desc": "", "name": "ds_search.REC_STAT", "type": "String", "label": "레코드 상태", "required": false}], "description": "OCH / KIOSK / 동반자 수정", "responseExample": "{\n  \"ds_list\": [\n    {\n      \"CORP_CD\": \"\",\n      \"BRCHCD\": \"\",\n      \"RSRV_NO\": \"\",\n      \"TEEOFF_NO\": \"\",\n      \"PRCS_CNT\": 0\n    }\n  ]\n}"}, {"url": "HBSGOLOCH0125", "method": "POST", "params": [{"desc": "", "name": "ds_search.CORP_CD", "type": "String", "label": "법인 코드", "required": false}, {"desc": "", "name": "ds_search.BRCH_CD", "type": "String", "label": "사업장 코드", "required": false}, {"desc": "", "name": "ds_search.RSRV_NO", "type": "String", "label": "예약 번호", "required": false}, {"desc": "", "name": "ds_search.TEEOFF_NO", "type": "String", "label": "티업 번호", "required": false}, {"desc": "", "name": "ds_search.RSRV_DATE", "type": "String", "label": "예약 일자", "required": false}], "description": "OCH / KIOSK / 예약 상세 정보 조회", "responseExample": "{\n  \"ds_teamMemberInfo\": [\n    {\n      \"CORP_CD\": \"\",\n      \"BRCHCD\": \"\",\n      \"VST_NO\": \"\",\n      \"TEEOFF_NO\": \"\",\n      \"CUST_NM\": \"\",\n      \"CUST_NO\": \"\",\n      \"MEMB_DIV_CD\": \"\",\n      \"MEMB_NO\": \"\",\n      \"LCKR_NO\": \"\",\n      \"SEX_CD\": \"\",\n      \"FEE_CD\": \"\",\n      \"TAX_YN\": \"\",\n      \"HOLE_CD\": \"\",\n      \"DSCNT_RMRK_CNTN\": \"\",\n      \"DSCNT_AMT\": 0,\n      \"PROMTN_NO_NEW\": \"\",\n      \"CPON_CHK\": \"\",\n      \"EVENT_CNT\": \"\",\n      \"JONT_NO\": \"\",\n      \"FRGNR_YN\": \"\",\n      \"CRAT_DS\": \"\",\n      \"LCKR_RTURN_YN\": \"\",\n      \"PROGRS_STAT_CD\": \"\",\n      \"ATMC_CHKIN_YN\": \"\",\n      \"BAG_NM\": \"\",\n      \"RSRV_NO\": \"\",\n      \"SORT_SN\": \"\",\n      \"LCKR_STAT_CD\": \"\",\n      \"LCKR_SEX_DIV_CD\": \"\",\n      \"DSCNT_VAL\": 0,\n      \"DSCNT_RT\": 0,\n      \"DSCNT_DIV_CD\": \"\",\n      \"SALE_NO\": \"\",\n      \"CUST_INF_CHNG_DS\": \"\",\n      \"CPON_NO\": \"\",\n      \"INDVDL_CPON_SEQ\": \"\"\n    }\n  ],\n  \"ds_teamSaleList\": [\n    {\n      \"CORP_CD\": \"\",\n      \"BRCH_CD\": \"\",\n      \"TEEOFF_NO\": \"\",\n      \"LCKR_NO\": \"\",\n      \"STTL_GRP_NO\": \"\",\n      \"VST_NO\": \"\",\n      \"CUST_NM\": \"\",\n      \"SALE_FRLOC_CD\": \"\",\n      \"STORE_NM\": \"\",\n      \"SALE_NO\": \"\",\n      \"MENU_NM\": \"\",\n      \"SALE_UNTPC\": 0,\n      \"SALE_QTY\": 0,\n      \"SELL_SM_AMT\": 0,\n      \"PYMNT_VST_NO\": \"\",\n      \"PYMNT_CUST_NM\": \"\",\n      \"SLIP_STAT_CD\": \"\",\n      \"SLIP_STAT_NM\": \"\",\n      \"DVD_DIV_CD\": \"\",\n      \"DVD_DIV_NM\": \"\",\n      \"DVD_YN\": \"\"\n    }\n  ],\n  \"ds_evenApplytList\": [\n    {\n      \"CORP_CD\": \"\",\n      \"BRCH_CD\": \"\",\n      \"TEEOFF_NO\": \"\",\n      \"VST_NO\": \"\",\n      \"PROMTN_NO\": \"\",\n      \"SEQ\": 0,\n      \"SALE_NO\": \"\",\n      \"CUST_NM\": \"\",\n      \"PROMTN_DIV_CD\": \"\",\n      \"PROMTN_CNTN\": \"\",\n      \"DSCNT_DIV_CD\": \"\",\n      \"DSCNT_VAL\": 0,\n      \"CPON_NO\": \"\",\n      \"INDVDL_CPON_SEQ\": \"\",\n      \"STRT_DATE\": \"\",\n      \"END_DATE\": \"\"\n    }\n  ],\n  \"ds_teamInfo\": [\n    {\n      \"CORP_CD\": \"\",\n      \"BRCH_CD\": \"\",\n      \"TEEOFF_NO\": \"\",\n      \"VISIT_DATE\": \"\",\n      \"VISIT_DCSN_YN\": \"\",\n      \"START_CORS_CD\": \"\",\n      \"ARRV_CORS_CD\": \"\",\n      \"START_TIME\": \"\",\n      \"RNDG_HOLE_CD\": \"\",\n      \"RNDG_HOLE_NM\": \"\",\n      \"CNDMNM_RSRV_NO\": \"\",\n      \"GRP_CUST_NO\": \"\",\n      \"GRP_CUST_NM\": \"\",\n      \"SPECL_SET_DIV_CD\": \"\",\n      \"SPECL_SET_USE_YN\": \"\",\n      \"CHNNL_LCLAS_CD\": \"\",\n      \"CHNNL_MLSFC_CD\": \"\",\n      \"CHNNL_SCLAS_CD\": \"\",\n      \"CART_KND_CD\": \"\",\n      \"CART_CNT\": 0,\n      \"CADD_BATCH_CNT\": 0,\n      \"STTL_GRP_NO\": \"\",\n      \"RSRV_NO\": \"\",\n      \"CADD_BATCH_YN\": \"\"\n    }\n  ],\n  \"ds_rsrvJoinDataList\": [\n    {\n      \"CORP_CD\": \"\",\n      \"BRCH_CD\": \"\",\n      \"TEEOFF_NO\": \"\",\n      \"ACMPNY_SEQ\": \"\",\n      \"RSRV_NO\": \"\",\n      \"JOINT_NM\": \"\",\n      \"CUST_NO\": \"\",\n      \"CUST_CL_CD\": \"\",\n      \"MEMB_NO\": \"\",\n      \"TEL_NO1\": \"\",\n      \"TEL_NO2\": \"\",\n      \"TEL_NO3\": \"\",\n      \"TEL_NO4\": \"\",\n      \"SEX_DIV_CD\": \"\",\n      \"SEX_DIV_NM\": \"\",\n      \"CHKIN_YN\": \"\"\n    }\n  ],\n  \"ds_caddBillList\": [\n    {\n      \"RSRV_DATE\": \"\",\n      \"RSRV_TIME\": \"\",\n      \"CADD_NM\": \"\",\n      \"CADDFE_AMT\": 0\n    }\n  ]\n}"}, {"url": "HBSGOLOCH0122", "method": "POST", "params": [{"desc": "", "name": "ds_search.CORP_CD", "type": "String", "label": "법인 코드", "required": false}, {"desc": "", "name": "ds_search.BRCH_CD", "type": "String", "label": "사업장 코드", "required": false}, {"desc": "", "name": "ds_search.RSRV_NO", "type": "String", "label": "예약 번호", "required": false}, {"desc": "", "name": "ds_search.TEEOFF_NO", "type": "String", "label": "티업 번호", "required": false}, {"desc": "", "name": "ds_search.VST_NO", "type": "String", "label": "내장 번호", "required": false}, {"desc": "", "name": "ds_search.RSRV_DATE", "type": "String", "label": "예약 일자", "required": false}, {"desc": "", "name": "ds_search.STTL_GRP_NO", "type": "String", "label": "정산 그룹 번호", "required": false}, {"desc": "", "name": "ds_search.SEARCH_TYPE", "type": "String", "label": "조회구분", "required": false}, {"desc": "", "name": "ds_search.CALC_GUBUN", "type": "String", "label": "분할 구분", "required": false}, {"desc": "", "name": "ds_search.DVD_CUBUN", "type": "String", "label": "1/N 구분", "required": false}], "description": "OCH / KIOSK / 정산", "responseExample": "{\n  \"ds_calcList\": [\n    {\n      \"CORP_CD\": \"\",\n      \"BRCH_CD\": \"\",\n      \"TEEOFF_NO\": \"\",\n      \"START_CORS_CD\": \"\",\n      \"START_TIME\": \"\",\n      \"STTL_GRP_NO\": \"\",\n      \"ARRV_CORS_CD\": \"\",\n      \"LCKR_NO\": \"\",\n      \"LCKR_RTURN_YN\": \"\",\n      \"HOLE_CD\": \"\",\n      \"JONT_NO\": \"\",\n      \"VST_STAT_CD\": \"\",\n      \"VST_NO\": \"\",\n      \"CUST_NM\": \"\",\n      \"CUST_CL_CD\": \"\",\n      \"CUST_NO\": \"\",\n      \"MEMB_NO\": \"\",\n      \"SALE_AMT\": 0,\n      \"GRENFE_AMT\": 0,\n      \"CART_AMT\": 0,\n      \"RENT_AMT\": 0,\n      \"GRILL_AMT\": 0,\n      \"TEE_AMT\": 0,\n      \"PROSHOP_AMT\": 0,\n      \"ETC_AMT\": 0,\n      \"PAYED_AMT\": 0,\n      \"CASH_PAY_AMT\": 0,\n      \"CARD_PAY_AMT\": 0,\n      \"ETC_PAY_AMT\": 0,\n      \"UNPAY_AMT\": 0,\n      \"LOC_CD\": \"\",\n      \"RSRV_NO\": \"\",\n      \"SLIP_STAT_CD\": \"\",\n      \"SLIP_DIV_CD\": \"\",\n      \"DSCNT_RMRK_CNTN\": \"\",\n      \"MLG_YN\": \"\",\n      \"MLG_CUST_NO\": \"\"\n    }\n  ]\n}"}, {"url": "HBSGOLOCH0122", "method": "POST", "params": [{"desc": "", "name": "ds_search.CORP_CD", "type": "String", "label": "법인 코드", "required": false}, {"desc": "", "name": "ds_search.BRCH_CD", "type": "String", "label": "사업장 코드", "required": false}, {"desc": "", "name": "ds_search.RSRV_NO", "type": "String", "label": "예약 번호", "required": false}, {"desc": "", "name": "ds_search.TEEOFF_NO", "type": "String", "label": "티업 번호", "required": false}, {"desc": "", "name": "ds_search.VST_NO", "type": "String", "label": "내장 번호", "required": false}, {"desc": "", "name": "ds_search.RSRV_DATE", "type": "String", "label": "예약 일자", "required": false}, {"desc": "", "name": "ds_search.STTL_GRP_NO", "type": "String", "label": "정산 그룹 번호", "required": false}, {"desc": "", "name": "ds_search.SEARCH_TYPE", "type": "String", "label": "조회구분", "required": false}, {"desc": "", "name": "ds_search.CALC_GUBUN", "type": "String", "label": "분할 구분", "required": false}, {"desc": "", "name": "ds_search.DVD_GUBUN", "type": "String", "label": "1/N 구분", "required": false}, {"desc": "", "name": "ds_search.DVD_UNIT", "type": "String", "label": "절상 단위", "required": false}], "description": "OCH / KIOSK / 정산", "responseExample": "{\n  \"ds_calcList\": [\n    {\n      \"CORP_CD\": \"\",\n      \"BRCH_CD\": \"\",\n      \"TEEOFF_NO\": \"\",\n      \"START_CORS_CD\": \"\",\n      \"START_TIME\": \"\",\n      \"STTL_GRP_NO\": \"\",\n      \"ARRV_CORS_CD\": \"\",\n      \"LCKR_NO\": \"\",\n      \"LCKR_RTURN_YN\": \"\",\n      \"HOLE_CD\": \"\",\n      \"JONT_NO\": \"\",\n      \"VST_STAT_CD\": \"\",\n      \"VST_NO\": \"\",\n      \"CUST_NM\": \"\",\n      \"CUST_CL_CD\": \"\",\n      \"CUST_NO\": \"\",\n      \"MEMB_NO\": \"\",\n      \"SALE_AMT\": 0,\n      \"GRENFE_AMT\": 0,\n      \"CART_AMT\": 0,\n      \"RENT_AMT\": 0,\n      \"GRILL_AMT\": 0,\n      \"TEE_AMT\": 0,\n      \"PROSHOP_AMT\": 0,\n      \"ETC_AMT\": 0,\n      \"PAYED_AMT\": 0,\n      \"CASH_PAY_AMT\": 0,\n      \"CARD_PAY_AMT\": 0,\n      \"ETC_PAY_AMT\": 0,\n      \"UNPAY_AMT\": 0,\n      \"LOC_CD\": \"\",\n      \"RSRV_NO\": \"\",\n      \"SLIP_STAT_CD\": \"\",\n      \"SLIP_DIV_CD\": \"\",\n      \"DSCNT_RMRK_CNTN\": \"\",\n      \"MLG_YN\": \"\",\n      \"MLG_CUST_NO\": \"\"\n    }\n  ]\n}"}, {"url": "HBSGOLOCH0122", "method": "POST", "params": [{"desc": "", "name": "ds_search.CORP_CD", "type": "String", "label": "법인 코드", "required": false}, {"desc": "", "name": "ds_search.BRCH_CD", "type": "String", "label": "사업장 코드", "required": false}, {"desc": "", "name": "ds_search.RSRV_NO", "type": "String", "label": "예약 번호", "required": false}, {"desc": "", "name": "ds_search.TEEOFF_NO", "type": "String", "label": "티업 번호", "required": false}, {"desc": "", "name": "ds_search.VST_NO", "type": "String", "label": "내장 번호", "required": false}, {"desc": "", "name": "ds_search.RSRV_DATE", "type": "String", "label": "예약 일자", "required": false}, {"desc": "", "name": "ds_search.STTL_GRP_NO", "type": "String", "label": "정산 그룹 번호", "required": false}, {"desc": "", "name": "ds_search.SEARCH_TYPE", "type": "String", "label": "조회구분", "required": false}, {"desc": "", "name": "ds_search.CALC_GUBUN", "type": "String", "label": "분할 구분", "required": false}, {"desc": "", "name": "ds_search.DVD_CUBUN", "type": "String", "label": "1/N 구분", "required": false}], "description": "OCH / KIOSK / 정산", "responseExample": "{\n  \"ds_calcList\": [\n    {\n      \"CORP_CD\": \"\",\n      \"BRCH_CD\": \"\",\n      \"TEEOFF_NO\": \"\",\n      \"START_CORS_CD\": \"\",\n      \"START_TIME\": \"\",\n      \"STTL_GRP_NO\": \"\",\n      \"ARRV_CORS_CD\": \"\",\n      \"LCKR_NO\": \"\",\n      \"LCKR_RTURN_YN\": \"\",\n      \"HOLE_CD\": \"\",\n      \"JONT_NO\": \"\",\n      \"VST_STAT_CD\": \"\",\n      \"VST_NO\": \"\",\n      \"CUST_NM\": \"\",\n      \"CUST_CL_CD\": \"\",\n      \"CUST_NO\": \"\",\n      \"MEMB_NO\": \"\",\n      \"SALE_AMT\": 0,\n      \"GRENFE_AMT\": 0,\n      \"CART_AMT\": 0,\n      \"RENT_AMT\": 0,\n      \"GRILL_AMT\": 0,\n      \"TEE_AMT\": 0,\n      \"PROSHOP_AMT\": 0,\n      \"ETC_AMT\": 0,\n      \"PAYED_AMT\": 0,\n      \"CASH_PAY_AMT\": 0,\n      \"CARD_PAY_AMT\": 0,\n      \"ETC_PAY_AMT\": 0,\n      \"UNPAY_AMT\": 0,\n      \"LOC_CD\": \"\",\n      \"RSRV_NO\": \"\",\n      \"SLIP_STAT_CD\": \"\",\n      \"SLIP_DIV_CD\": \"\",\n      \"DSCNT_RMRK_CNTN\": \"\",\n      \"MLG_YN\": \"\",\n      \"MLG_CUST_NO\": \"\"\n    }\n  ]\n}"}, {"url": "HBSGOLOCH0123", "method": "POST", "params": [{"desc": "", "name": "ds_search.CORP_CD", "type": "String", "label": "법인 코드", "required": false}, {"desc": "", "name": "ds_search.BRCH_CD", "type": "String", "label": "사업장 코드", "required": false}, {"desc": "", "name": "ds_search.RSRV_NO", "type": "String", "label": "예약 번호", "required": false}, {"desc": "", "name": "ds_search.TEEOFF_NO", "type": "String", "label": "티업 번호", "required": false}, {"desc": "", "name": "ds_search.VST_NO", "type": "String", "label": "내장 번호", "required": false}, {"desc": "", "name": "ds_search.VISIT_DATE", "type": "String", "label": "방문 일자", "required": false}, {"desc": "", "name": "ds_search.SALE_NO", "type": "String", "label": "번호", "required": false}, {"desc": "", "name": "ds_search.SEARCH_TYPE", "type": "String", "label": "검색구분", "required": false}, {"desc": "", "name": "ds_search.CPON_NO", "type": "String", "label": "쿠폰번호", "required": false}, {"desc": "", "name": "ds_search.PROCEX_YN", "type": "String", "label": "선납, 할인 구분", "required": false}, {"desc": "", "name": "ds_search.JOIN_ADD", "type": "String", "label": "쿠폰 사용 구분", "required": false}, {"desc": "", "name": "ds_search.SEX_DIV_CD", "type": "String", "label": "성별 구분 코드", "required": false}, {"desc": "", "name": "ds_search.CORS_CD", "type": "String", "label": "예약 코스", "required": false}], "description": "OCH / KIOSK / 쿠폰", "responseExample": "{\n  \"ds_result\": [\n    {\n      \"PROC_YN\": \"\"\n    }\n  ]\n}"}, {"url": "HBSGOLOCH0123", "method": "POST", "params": [{"desc": "", "name": "ds_search.CORP_CD", "type": "String", "label": "법인 코드", "required": false}, {"desc": "", "name": "ds_search.BRCH_CD", "type": "String", "label": "사업장 코드", "required": false}, {"desc": "", "name": "ds_search.RSRV_NO", "type": "String", "label": "예약 번호", "required": false}, {"desc": "", "name": "ds_search.TEEOFF_NO", "type": "String", "label": "티업 번호", "required": false}, {"desc": "", "name": "ds_search.VST_NO", "type": "String", "label": "내장 번호", "required": false}, {"desc": "", "name": "ds_search.VISIT_DATE", "type": "String", "label": "방문 일자", "required": false}, {"desc": "", "name": "ds_search.SALE_NO", "type": "String", "label": "번호", "required": false}, {"desc": "", "name": "ds_search.SEARCH_TYPE", "type": "String", "label": "검색구분", "required": false}, {"desc": "", "name": "ds_search.SEARCH_TYPE", "type": "String", "label": "검색구분", "required": false}, {"desc": "", "name": "ds_search.CPON_NO", "type": "String", "label": "쿠폰번호", "required": false}, {"desc": "", "name": "ds_search.PROCEX_YN", "type": "String", "label": "선납, 할인 구분", "required": false}, {"desc": "", "name": "ds_search.JOIN_ADD", "type": "String", "label": "쿠폰 사용 구분", "required": false}], "description": "OCH / KIOSK / 쿠폰 취소", "responseExample": "{\n  \"ds_result\": [\n    {\n      \"PROC_YN\": \"\"\n    }\n  ]\n}"}, {"url": "HBSGOLOCH0127", "method": "POST", "params": [{"desc": "", "name": "ds_search.CORP_CD", "type": "String", "label": "법인 코드", "required": false}, {"desc": "", "name": "ds_search.BRCH_CD", "type": "String", "label": "사업장 코드", "required": false}, {"desc": "", "name": "ds_search.VISIT_DATE", "type": "String", "label": "방문 일자", "required": false}, {"desc": "", "name": "ds_search.RSRV_NO", "type": "String", "label": "예약 번호", "required": false}, {"desc": "", "name": "ds_search.TEEOFF_NO", "type": "String", "label": "티업 번호", "required": false}, {"desc": "", "name": "ds_search.SEARCH_TYPE", "type": "String", "label": "조회구분", "required": false}, {"desc": "", "name": "ds_search.STTL_GRP_NO", "type": "String", "label": "정산 그룹 번호", "required": false}, {"desc": "", "name": "ds_search.GRP_GB", "type": "String", "label": "그룹 구분", "required": false}, {"desc": "", "name": "ds_search.CHK_OUT_DIV", "type": "String", "label": "체크아웃 구분", "required": false}], "description": "OCH / KIOSK / 체크아웃, 내장객확정", "responseExample": "{\n  \"ds_list\": [\n    {\n      \"VISIT_DCSN_YN\": \"\",\n      \"CHK_OUT\": \"\"\n    }\n  ]\n}"}, {"url": "HBSGOLOCH0126", "method": "POST", "params": [{"desc": "", "name": "ds_pymntDtlsMast.CORP_CD", "type": "String", "label": "법인 코드", "required": false}, {"desc": "", "name": "ds_pymntDtlsMast.BRCH_CD", "type": "String", "label": "사업장 코드", "required": false}, {"desc": "", "name": "ds_pymntDtlsMast.LOC_CD", "type": "String", "label": "영업장 코드", "required": false}, {"desc": "", "name": "ds_pymntDtlsMast.BSN_DATE", "type": "String", "label": "영업 일자", "required": false}, {"desc": "", "name": "ds_pymntDtlsMast.RSRV_NO", "type": "String", "label": "예약 번호", "required": false}, {"desc": "", "name": "ds_pymntDtlsMast.TEEOFF_NO", "type": "String", "label": "티업 번호", "required": false}, {"desc": "", "name": "ds_pymntDtlsMast.VST_NO", "type": "String", "label": "내장 번호", "required": false}, {"desc": "", "name": "ds_pymntDtlsMast.STTL_GRP_NO", "type": "String", "label": "정산 그룹 번호", "required": false}, {"desc": "", "name": "ds_pymntDtlsMast.PYMNT_TYPE", "type": "String", "label": "지불 유형", "required": false}, {"desc": "", "name": "ds_pymntDtlsMast.ORG_PYMNT_AMT", "type": "String", "label": "원지불 금액", "required": false}, {"desc": "", "name": "ds_pymntDtlsMast.PYMNT_AMT", "type": "Number", "label": "지불 금액", "required": false}, {"desc": "", "name": "ds_pymntDtlsMast.ACCEPT_AMT", "type": "Number", "label": "받은 금액", "required": false}, {"desc": "", "name": "ds_pymntDtlsMast.REMN_AMT", "type": "Number", "label": "거스름 금액", "required": false}, {"desc": "", "name": "ds_pymntDtlsMast.PYMNT_BASIS", "type": "String", "label": "지불 근거", "required": false}, {"desc": "", "name": "ds_pymntDtlsMast.MNUL_INPUT_YN", "type": "String", "label": "수기 입력 여부", "required": false}, {"desc": "", "name": "ds_pymntDtlsMast.INSTLMT_PRID", "type": "String", "label": "할부 기간", "required": false}, {"desc": "", "name": "ds_pymntDtlsMast.CONFM_NO", "type": "String", "label": "승인 번호", "required": false}, {"desc": "", "name": "ds_pymntDtlsMast.CONFM_NO_INPUT_YN", "type": "String", "label": "승인 번호 입력 여부", "required": false}, {"desc": "", "name": "ds_pymntDtlsMast.CONFM_DELNG_DS", "type": "String", "label": "승인 거래 일시", "required": false}, {"desc": "", "name": "ds_pymntDtlsMast.PUCHCMPY_CD", "type": "String", "label": "매입사 코드", "required": false}, {"desc": "", "name": "ds_pymntDtlsMast.PUCHCMPY_NM", "type": "String", "label": "매입사 명", "required": false}, {"desc": "", "name": "ds_pymntDtlsMast.ISSUCMPY_CD", "type": "String", "label": "발급사 코드", "required": false}, {"desc": "", "name": "ds_pymntDtlsMast.ISSUCMPY_NM", "type": "String", "label": "발급사 명", "required": false}, {"desc": "", "name": "ds_pymntDtlsMast.SIGN_YN", "type": "String", "label": "SIGN 여부", "required": false}, {"desc": "", "name": "ds_pymntDtlsMast.VAN_CD", "type": "String", "label": "VAN 코드", "required": false}, {"desc": "", "name": "ds_pymntDtlsMast.TRMNL_ID", "type": "String", "label": "단말기 ID", "required": false}, {"desc": "", "name": "ds_pymntDtlsMast.CNCL_YN", "type": "String", "label": "취소 여부", "required": false}, {"desc": "", "name": "ds_pymntDtlsMast.POS_NO", "type": "String", "label": "POS 번호", "required": false}, {"desc": "", "name": "ds_pymntDtlsMast.RCIPT_STAT_CD", "type": "String", "label": "영수증 상태 코드", "required": false}, {"desc": "", "name": "ds_pymntDtlsMast.SELL_MDAT_YN", "type": "String", "label": "매출 조정 여부", "required": false}, {"desc": "", "name": "ds_pymntDtlsMast.VAN_MGT_NO", "type": "String", "label": "VAN 관리 번호", "required": false}, {"desc": "", "name": "ds_pymntDtlsMast.CONFM_DIV_CD", "type": "String", "label": "승인 구분 코드", "required": false}, {"desc": "", "name": "ds_pymntDtlsMast.CRATR_EMP_NO", "type": "String", "label": "생성자 사원 번호", "required": false}], "description": "OCH / KIOSK / 정산 정보 저장", "responseExample": "{\n  \"ds_payList\": [\n    {\n      \"CORP_CD\": \"\",\n      \"BRCH_CD\": \"\",\n      \"PYMNT_NO\": \"\",\n      \"LCKR_NO\": \"\",\n      \"TEEOFF_NO\": \"\",\n      \"STTL_GRP_NO\": \"\",\n      \"VST_NO\": \"\",\n      \"CUST_NM\": \"\",\n      \"PRPAY_YN\": \"\",\n      \"SETLE_MTH_CD\": \"\",\n      \"REC_STAT\": \"\",\n      \"SETLE_AMT\": 0,\n      \"STTL_ADI_INF\": \"\",\n      \"CRATR_EMP_NO\": \"\",\n      \"EMP_NM\": \"\",\n      \"CRAT_DS\": \"\",\n      \"CHK_YN\": \"\",\n      \"FRLOC_CD\": \"\",\n      \"STTL_CNCL_YN\": \"\",\n      \"CONFM_NO\": \"\",\n      \"PUCHCMPY_NM\": \"\",\n      \"CARD_NO\": \"\",\n      \"CPON_NO\": \"\",\n      \"VAN_MGT_NO\": \"\"\n    }\n  ],\n  \"ds_list\": [\n    {\n      \"CORP_CD\": \"\",\n      \"BRCH_CD\": \"\",\n      \"TEEOFF_NO\": \"\",\n      \"START_CORS_CD\": \"\",\n      \"START_TIME\": \"\",\n      \"STTL_GRP_NO\": \"\",\n      \"ARRV_CORS_CD\": \"\",\n      \"LCKR_NO\": \"\",\n      \"LCKR_RTURN_YN\": \"\",\n      \"LCKR_RETURN_CHK_FLAG\": \"\",\n      \"HOLE_CD\": \"\",\n      \"JONT_NO\": \"\",\n      \"VST_STAT_CD\": \"\",\n      \"VST_NO\": \"\",\n      \"CUST_NM\": \"\",\n      \"CUST_CL_CD\": \"\",\n      \"CUST_NO\": \"\",\n      \"MEMB_NO\": \"\",\n      \"SALE_AMT\": 0,\n      \"GRENFE_AMT\": 0,\n      \"CART_AMT\": 0,\n      \"RENT_AMT\": 0,\n      \"GRILL_AMT\": 0,\n      \"TEE_AMT\": 0,\n      \"PROSHOP_AMT\": 0,\n      \"CASH_PAY_AMT\": 0,\n      \"CARD_PAY_AMT\": 0,\n      \"ETC_PAY_AMT\": 0,\n      \"UNPAY_AMT\": 0,\n      \"PROGRS_STAT_CD\": \"\",\n      \"LOC_CD\": \"\",\n      \"RSRV_NO\": \"\",\n      \"SLIP_STAT_CD\": \"\",\n      \"SLIP_DIV_CD\": \"\",\n      \"DSCNT_RMRK_CNTN\": \"\",\n      \"MLG_YN\": \"\",\n      \"MLG_CUST_NO\": \"\"\n    }\n  ]\n}"}, {"url": "HBSGOLOCH0128", "method": "POST", "params": [{"desc": "", "name": "ds_search.CORP_CD", "type": "String", "label": "법인 코드", "required": false}, {"desc": "", "name": "ds_search.BRCH_CD", "type": "String", "label": "사업장 코드", "required": false}, {"desc": "", "name": "ds_search.LOC_CD", "type": "String", "label": "영업장 코드", "required": false}, {"desc": "", "name": "ds_search.TEEOFF_NO", "type": "String", "label": "티업 번호", "required": false}, {"desc": "", "name": "ds_search.VST_NO", "type": "String", "label": "내장 번호", "required": false}, {"desc": "", "name": "ds_search.RSRV_NO", "type": "String", "label": "예약 번호", "required": false}, {"desc": "", "name": "ds_search.CUST_NM", "type": "String", "label": "고객 성명", "required": false}, {"desc": "", "name": "ds_search.STTL_GRP_NO", "type": "String", "label": "정산 그룹 번호", "required": false}, {"desc": "", "name": "ds_search.VISIT_DATE", "type": "String", "label": "방문 일자", "required": false}, {"desc": "", "name": "ds_search.CUST_NO", "type": "String", "label": "고객 번호", "required": false}, {"desc": "", "name": "ds_search.USE_DIV_CD", "type": "String", "label": "적립/사용가능 내역 조회", "required": false}], "description": "OCH / KIOSK / 마일리지 적립", "responseExample": "{\n  \"ds_list\": [\n    {\n      \"PRCS_CNT\": 0\n    }\n  ],\n  \"ds_custInfo\": [\n    {\n      \"CUST_NO\": \"\",\n      \"CUST_NM\": \"\",\n      \"MOBILE_NO2\": \"\",\n      \"MOBILE_NO3\": \"\",\n      \"MOBILE_NO4\": \"\",\n      \"CUST_TYPE\": \"\",\n      \"CUST_GRAD\": \"\"\n    }\n  ],\n  \"ds_exptMgt\": [\n    {\n      \"MON_PT_3\": \"\",\n      \"MON_PT_2\": \"\",\n      \"MON_PT_1\": \"\"\n    }\n  ],\n  \"ds_mgtDdtChk\": [\n    {\n      \"MUMM_USE_PONT\": \"\",\n      \"MXMM_USE_PONT\": \"\",\n      \"TOTAL_PONT\": \"\",\n      \"USE_POSBL_PONT\": \"\",\n      \"PRCS_CD\": \"\",\n      \"PRCS_MSG\": \"\"\n    }\n  ]\n}"}, {"url": "HBSGOLOCH0129", "method": "POST", "params": [{"desc": "", "name": "ds_search.CORP_CD", "type": "String", "label": "법인 코드", "required": false}, {"desc": "", "name": "ds_search.BRCH_CD", "type": "String", "label": "사업장 코드", "required": false}, {"desc": "", "name": "ds_search.CUST_NM", "type": "String", "label": "고객 성명", "required": false}, {"desc": "", "name": "ds_search.MOBILE_NO", "type": "String", "label": "모바일 번호", "required": false}, {"desc": "", "name": "ds_search.INF_AGRE_PREFER_YN", "type": "String", "label": "동의여부", "required": false}, {"desc": "", "name": "ds_search.PERSON_CERN_NUM", "type": "Number", "label": "본인 인증 번호", "required": false}, {"desc": "", "name": "ds_search.SEARCH_TYPE", "type": "String", "label": "조회구분", "required": false}], "description": "OCH / KIOSK / 안면인식", "responseExample": "{\n  \"ds_result\": [\n    {\n      \"CUST_NO\": \"\",\n      \"SUCC_YN\": \"\"\n    }\n  ]\n}"}, {"url": "HBSGOLOCH0129", "method": "POST", "params": [{"desc": "", "name": "ds_search.CORP_CD", "type": "String", "label": "법인 코드", "required": false}, {"desc": "", "name": "ds_search.BRCH_CD", "type": "String", "label": "사업장 코드", "required": false}, {"desc": "", "name": "ds_search.CUST_NM", "type": "String", "label": "고객 성명", "required": false}, {"desc": "", "name": "ds_search.MOBILE_NO", "type": "String", "label": "모바일 번호", "required": false}, {"desc": "", "name": "ds_search.INF_AGRE_PREFER_YN", "type": "String", "label": "동의여부", "required": false}, {"desc": "", "name": "ds_search.PERSON_CERN_NUM", "type": "Number", "label": "본인 인증 번호", "required": false}, {"desc": "", "name": "ds_search.SEARCH_TYPE", "type": "String", "label": "조회구분", "required": false}], "description": "OCH / KIOSK / 안면인식", "responseExample": "{\n  \"ds_result\": [\n    {\n      \"CUST_NO\": \"\",\n      \"SUCC_YN\": \"\"\n    }\n  ]\n}"}, {"url": "HBSGOLOCH0129", "method": "POST", "params": [{"desc": "", "name": "ds_search.CORP_CD", "type": "String", "label": "법인 코드", "required": false}, {"desc": "", "name": "ds_search.BRCH_CD", "type": "String", "label": "사업장 코드", "required": false}, {"desc": "", "name": "ds_search.CUST_NM", "type": "String", "label": "고객 성명", "required": false}, {"desc": "", "name": "ds_search.MOBILE_NO", "type": "String", "label": "모바일 번호", "required": false}, {"desc": "", "name": "ds_search.INF_AGRE_PREFER_YN", "type": "String", "label": "동의여부", "required": false}, {"desc": "", "name": "ds_search.PERSON_CERN_NUM", "type": "Number", "label": "본인 인증 번호", "required": false}, {"desc": "", "name": "ds_search.SEARCH_TYPE", "type": "String", "label": "조회구분", "required": false}], "description": "OCH / KIOSK / 안면인식", "responseExample": "{\n  \"ds_result\": [\n    {\n      \"SUCC_YN\": \"\",\n      \"BF_FACEID\": \"\"\n    }\n  ]\n}"}, {"url": "HBSGOLOCH0119", "method": "POST", "params": [{"desc": "", "name": "ds_inSearch.CORP_CD", "type": "String", "label": "법인 코드", "required": false}, {"desc": "", "name": "ds_inSearch.BRCH_CD", "type": "String", "label": "사업장 코드", "required": false}, {"desc": "", "name": "ds_inSearch.RSRV_NO", "type": "String", "label": "예약 번호", "required": false}, {"desc": "", "name": "ds_inSearch.RSRV_DATE", "type": "String", "label": "예약 일자", "required": false}, {"desc": "", "name": "ds_inSearch.RSRV_CUST_NM", "type": "String", "label": "예약자 명", "required": false}, {"desc": "", "name": "ds_inSearch.FACE_ID", "type": "String", "label": "페이스아이디", "required": false}, {"desc": "", "name": "ds_inSearch.SEARCH_TYPE", "type": "String", "label": "조회 구분", "required": false}], "description": "OCH / KIOSK / 예약정보 조회", "responseExample": "{\n  \"ds_rsrvDataList\": [\n    {\n      \"BRCHCD\": \"\",\n      \"RSRV_NO\": \"\",\n      \"TEEOFF_NO\": \"\",\n      \"RSRV_DATE\": \"\",\n      \"RSRV_TIME\": \"\",\n      \"CORS_CD\": \"\",\n      \"CORS_MM\": \"\",\n      \"RSRV_CUST_NM\": \"\",\n      \"CUST_NO\": \"\",\n      \"TEL_NO4\": \"\",\n      \"PROMTN_NO\": \"\",\n      \"PROMTN_NM\": \"\",\n      \"DSCNT_DIV_CD\": \"\",\n      \"DSCNT_AMT\": 0,\n      \"TEL_NO\": \"\",\n      \"JOINT_NM\": \"\"\n    }\n  ]\n}"}, {"url": "HBSGOLOCH0130", "method": "POST", "params": [{"desc": "", "name": "ds_search.CORP_CD", "type": "String", "label": "법인 코드", "required": false}, {"desc": "", "name": "ds_search.BRCH_CD", "type": "String", "label": "사업장 코드", "required": false}, {"desc": "", "name": "ds_search.RSRV_NO", "type": "String", "label": "예약 번호", "required": false}, {"desc": "", "name": "ds_search.RSRV_DATE", "type": "String", "label": "예약 일자", "required": false}, {"desc": "", "name": "ds_search.RSRV_TIME", "type": "String", "label": "예약 시간", "required": false}, {"desc": "", "name": "ds_search.TEEOFF_NO", "type": "String", "label": "티업 번호", "required": false}, {"desc": "", "name": "ds_search.CUST_NM", "type": "String", "label": "고객 성명", "required": false}, {"desc": "", "name": "ds_search.MOBILE_NO", "type": "String", "label": "모바일 번호", "required": false}, {"desc": "", "name": "ds_search.SEX_DIV_CD", "type": "String", "label": "성별 구분 코드", "required": false}, {"desc": "", "name": "ds_search.CUST_TYPE1_CD", "type": "String", "label": "고객 유형1 코드", "required": false}, {"desc": "", "name": "ds_search.CUST_NO", "type": "String", "label": "고객 번호", "required": false}, {"desc": "", "name": "ds_search.MEMB_NO", "type": "String", "label": "회원 번호", "required": false}, {"desc": "", "name": "ds_search.CORS_CD", "type": "String", "label": "예약 코스", "required": false}, {"desc": "", "name": "ds_search.CON_CNT", "type": "String", "label": "확정인원", "required": false}, {"desc": "", "name": "ds_search.VST_NO", "type": "String", "label": "내장 번호", "required": false}], "description": "OCH / KIOSK / 선결제", "responseExample": "{\n  \"ds_custNameList\": [\n    {\n      \"CORP_CD\": \"\",\n      \"VIEW_CUST_NO\": \"\",\n      \"VIEW_CUS_TNM\": \"\",\n      \"CUST_NO\": \"\",\n      \"CUST_NM\": \"\",\n      \"SEX_DIV_CD\": \"\",\n      \"SEX_DIV_NM\": \"\",\n      \"CUST_TYPE1_CD\": \"\",\n      \"CUST_TYPE1_NM\": \"\",\n      \"TEL_NO1\": \"\",\n      \"TEL_NO2\": \"\",\n      \"TEL_NO3\": \"\",\n      \"TEL_NO4\": \"\",\n      \"TEL_NO5\": \"\",\n      \"TELNO\": \"\",\n      \"MOBILE_NO1\": \"\",\n      \"MOBILE_NO2\": \"\",\n      \"MOBILE_NO3\": \"\",\n      \"MOBILE_NO4\": \"\",\n      \"MOBILE_NO\": \"\",\n      \"CUST_LCLAS_CD\": \"\",\n      \"CUST_LCLAS_NM\": \"\",\n      \"MEMB_NO\": \"\",\n      \"MEMB_NM\": \"\"\n    }\n  ],\n  \"ds_rsrvJoinDataList\": [\n    {\n      \"CORP_CD\": \"\",\n      \"BRCH_CD\": \"\",\n      \"TEEOFF_NO\": \"\",\n      \"ACMPNY_SEQ\": \"\",\n      \"RSRV_NO\": \"\",\n      \"JOINT_NM\": \"\",\n      \"CUST_NO\": \"\",\n      \"CUST_CL_CD\": \"\",\n      \"MEMB_NO\": \"\",\n      \"TEL_NO1\": \"\",\n      \"TEL_NO2\": \"\",\n      \"TEL_NO3\": \"\",\n      \"TEL_NO4\": \"\",\n      \"SEX_DIV_CD\": \"\",\n      \"VST_NO\": \"\"\n    }\n  ]\n}"}, {"url": "HBSGOLOCH0131", "method": "POST", "params": [{"desc": "", "name": "ds_search.CORP_CD", "type": "String", "label": "법인 코드", "required": false}, {"desc": "", "name": "ds_search.BRCH_CD", "type": "String", "label": "사업장 코드", "required": false}, {"desc": "", "name": "ds_search.LOC_CD", "type": "String", "label": "영업장 코드", "required": false}, {"desc": "", "name": "ds_search.TEEOFF_NO", "type": "String", "label": "티업 번호", "required": false}, {"desc": "", "name": "ds_search.GLCRS_RSRV_NO", "type": "String", "label": "골프장 예약 번호", "required": false}, {"desc": "", "name": "ds_search.VST_NO", "type": "String", "label": "내장 번호", "required": false}, {"desc": "", "name": "ds_search.VISIT_DATE", "type": "String", "label": "방문 일자", "required": false}, {"desc": "", "name": "ds_search.CUST_NO", "type": "String", "label": "고객 번호", "required": false}, {"desc": "", "name": "ds_search.DDCT_PONT", "type": "String", "label": "차감 포인트", "required": false}, {"desc": "", "name": "ds_search.USE_PONT", "type": "String", "label": "사용 포인트", "required": false}], "description": "OCH / KIOSK / 마일리지 사용", "responseExample": "{\n  \"ds_payList\": [\n    {\n      \"CORP_CD\": \"\",\n      \"BRCH_CD\": \"\",\n      \"PYMNT_NO\": \"\",\n      \"LCKR_NO\": \"\",\n      \"TEEOFF_NO\": \"\",\n      \"STTL_GRP_NO\": \"\",\n      \"VST_NO\": \"\",\n      \"CUST_NM\": \"\",\n      \"PRPAY_YN\": \"\",\n      \"SETLE_MTH_CD\": \"\",\n      \"REC_STAT\": \"\",\n      \"SETLE_AMT\": 0,\n      \"STTL_ADI_INF\": \"\",\n      \"CRATR_EMP_NO\": \"\",\n      \"EMP_NM\": \"\",\n      \"CRAT_DS\": \"\",\n      \"CHK_YN\": \"\",\n      \"FRLOC_CD\": \"\",\n      \"STTL_CNCL_YN\": \"\",\n      \"CONFM_NO\": \"\",\n      \"PUCHCMPY_NM\": \"\",\n      \"CARD_NO\": \"\",\n      \"CPON_NO\": \"\",\n      \"VAN_MGT_NO\": \"\"\n    }\n  ],\n  \"ds_list\": [\n    {\n      \"CORP_CD\": \"\",\n      \"BRCH_CD\": \"\",\n      \"TEEOFF_NO\": \"\",\n      \"START_CORS_CD\": \"\",\n      \"START_TIME\": \"\",\n      \"STTL_GRP_NO\": \"\",\n      \"ARRV_CORS_CD\": \"\",\n      \"LCKR_NO\": \"\",\n      \"LCKR_RTURN_YN\": \"\",\n      \"LCKR_RETURN_CHK_FLAG\": \"\",\n      \"HOLE_CD\": \"\",\n      \"JONT_NO\": \"\",\n      \"VST_STAT_CD\": \"\",\n      \"VST_NO\": \"\",\n      \"CUST_NM\": \"\",\n      \"CUST_CL_CD\": \"\",\n      \"CUST_NO\": \"\",\n      \"MEMB_NO\": \"\",\n      \"SALE_AMT\": 0,\n      \"GRENFE_AMT\": 0,\n      \"CART_AMT\": 0,\n      \"RENT_AMT\": 0,\n      \"GRILL_AMT\": 0,\n      \"TEE_AMT\": 0,\n      \"PROSHOP_AMT\": 0,\n      \"CASH_PAY_AMT\": 0,\n      \"CARD_PAY_AMT\": 0,\n      \"ETC_PAY_AMT\": 0,\n      \"UNPAY_AMT\": 0,\n      \"PROGRS_STAT_CD\": \"\",\n      \"LOC_CD\": \"\",\n      \"RSRV_NO\": \"\",\n      \"SLIP_STAT_CD\": \"\",\n      \"SLIP_DIV_CD\": \"\",\n      \"DSCNT_RMRK_CNTN\": \"\",\n      \"MLG_YN\": \"\",\n      \"MLG_CUST_NO\": \"\"\n    }\n  ]\n}"}]', '[]', 0, '2026-07-13 16:44:41.642968+09');


ALTER TABLE public.api_specs ENABLE TRIGGER ALL;

--
-- Data for Name: roles; Type: TABLE DATA; Schema: public; Owner: postgres
--

ALTER TABLE public.roles DISABLE TRIGGER ALL;

INSERT INTO public.roles (id, code, name, description, is_active, created_at, updated_at) VALUES (2, 'BigCorp', '대형법인사', '대형법인사 예약을 위한 권한그룹', true, '2026-07-10 16:35:33.075123+09', '2026-07-10 17:13:59.708696+09');
INSERT INTO public.roles (id, code, name, description, is_active, created_at, updated_at) VALUES (1, 'admin', '관리자', '전체 메뉴 접근 및 관리 기능', true, '2026-07-10 16:35:33.075123+09', '2026-07-10 17:19:39.15055+09');
INSERT INTO public.roles (id, code, name, description, is_active, created_at, updated_at) VALUES (3, 'GolfLover', '골프 관련 업체', '골프장 키오스크, 골프장 예약 OBA', true, '2026-07-10 17:28:57.239277+09', '2026-07-10 17:28:57.239277+09');
INSERT INTO public.roles (id, code, name, description, is_active, created_at, updated_at) VALUES (6, 'partner', '파트너사', '파트너 포털 일반 사용자', true, '2026-07-13 15:32:37.833752+09', '2026-07-13 15:32:37.833752+09');


ALTER TABLE public.roles ENABLE TRIGGER ALL;

--
-- Data for Name: partners; Type: TABLE DATA; Schema: public; Owner: postgres
--

ALTER TABLE public.partners DISABLE TRIGGER ALL;

INSERT INTO public.partners (id, company_name, manager_name, email, phone, purpose, status, reject_reason, partner_code, processed_at, created_at, role_id) VALUES (2, '저기어때', '김은성', 'silverstar@hanwha.com', '010-1111-2222', '나는 silverstar. goldstar 댐벼보시지', 'rejected', 'silver는 취급 안합니데이', NULL, '2026-06-26 15:02:37.04036+09', '2026-06-26 15:00:50.20055+09', NULL);
INSERT INTO public.partners (id, company_name, manager_name, email, phone, purpose, status, reject_reason, partner_code, processed_at, created_at, role_id) VALUES (1, '야어때', '김주희', 'juhee3160@hanwha.com', '010-5196-3160', '연결해서 돈 마니 벌고 싶어요 안된다구요?', 'approved', NULL, '88007882', '2026-06-26 15:02:26.35423+09', '2026-06-26 15:00:14.357119+09', 2);
INSERT INTO public.partners (id, company_name, manager_name, email, phone, purpose, status, reject_reason, partner_code, processed_at, created_at, role_id) VALUES (3, '천수관컴퍼니', '박승욱', 'beast00k@hanwha.com', '010-3333-4444', '나는 짐승욱. 호랑이 댐벼라', 'approved', NULL, '69249209', '2026-06-26 15:02:40.954274+09', '2026-06-26 15:01:22.777571+09', 3);
INSERT INTO public.partners (id, company_name, manager_name, email, phone, purpose, status, reject_reason, partner_code, processed_at, created_at, role_id) VALUES (5, '휴가가자', '박수관', 'parkssi@hanwha.com', '010-2222-3333', '휴가 가고 싶어요~ 그래서 신청합니다~~', 'pending', NULL, NULL, NULL, '2026-07-13 14:36:54.146539+09', NULL);
INSERT INTO public.partners (id, company_name, manager_name, email, phone, purpose, status, reject_reason, partner_code, processed_at, created_at, role_id) VALUES (4, '(주)거꾸로해도윤태윤', '윤태윤', 'yoonyoon@hanwha.com', '010-0000-9999', '내가 대표요. 내가 왕이될 상이로다', 'approved', NULL, '73810832', '2026-07-13 14:37:10.549518+09', '2026-06-26 15:02:15.395149+09', 2);


ALTER TABLE public.partners ENABLE TRIGGER ALL;

--
-- Data for Name: firewall_requests; Type: TABLE DATA; Schema: public; Owner: postgres
--

ALTER TABLE public.firewall_requests DISABLE TRIGGER ALL;



ALTER TABLE public.firewall_requests ENABLE TRIGGER ALL;

--
-- Data for Name: header_fields; Type: TABLE DATA; Schema: public; Owner: postgres
--

ALTER TABLE public.header_fields DISABLE TRIGGER ALL;

INSERT INTO public.header_fields (id, section, category, field_name_ko, field_name_en, item_type, length, field_offset, required_request, required_mci, required_response, description, setting_type, setting_value, display_order, created_at) VALUES (28, 'system', NULL, '표준전문길이', 'STD_TMSG_LEN', '숫자', 8, 0, '△', NULL, '△', '(전체전문길이 - 8) Byte : JSON 생략', 'none', NULL, 1, '2026-07-13 15:32:37.631834+09');
INSERT INTO public.header_fields (id, section, category, field_name_ko, field_name_en, item_type, length, field_offset, required_request, required_mci, required_response, description, setting_type, setting_value, display_order, created_at) VALUES (29, 'system', '표준전문 기본정보', '전문버전구분코드', 'TMSG_VER_DV_CD', '문자', 2, 8, '○', NULL, '●', '표준전문의 버젼을 기입한다.
EX) 01, 02', 'fix', '01', 2, '2026-07-13 15:32:37.633556+09');
INSERT INTO public.header_fields (id, section, category, field_name_ko, field_name_en, item_type, length, field_offset, required_request, required_mci, required_response, description, setting_type, setting_value, display_order, created_at) VALUES (30, 'system', '표준전문 기본정보', '환경정보구분코드', 'ENVR_INFO_DV_CD', '문자', 1, 10, '○', NULL, '●', '해당 전문의 요청 시스템의 환경
L(로컬) / D(개발) / R(운영)', 'variable', NULL, 3, '2026-07-13 15:32:37.633556+09');
INSERT INTO public.header_fields (id, section, category, field_name_ko, field_name_en, item_type, length, field_offset, required_request, required_mci, required_response, description, setting_type, setting_value, display_order, created_at) VALUES (31, 'system', '표준전문 기본정보', '표준전문암호화구분코드', 'STN_MSG_ENCP_CD', '문자', 1, 11, '○', NULL, '●', '해당 전문의 암호화 여부 및 방식에 대한 정의
Default 0 : 암호화 사용안함', 'fix', '0', 4, '2026-07-13 15:32:37.633556+09');
INSERT INTO public.header_fields (id, section, category, field_name_ko, field_name_en, item_type, length, field_offset, required_request, required_mci, required_response, description, setting_type, setting_value, display_order, created_at) VALUES (32, 'system', '표준전문 기본정보', '표준전문압축구분코드', 'STN_MSG_COMP_CD', '문자', 1, 12, '○', NULL, '●', '해당 전문의 압축 여부 및 방식에 대한 정의
Default 0 : 압축 사용안함', 'fix', '0', 5, '2026-07-13 15:32:37.633556+09');
INSERT INTO public.header_fields (id, section, category, field_name_ko, field_name_en, item_type, length, field_offset, required_request, required_mci, required_response, description, setting_type, setting_value, display_order, created_at) VALUES (33, 'system', '표준전문 기본정보', '언어구분코드', 'LANG_CD', '문자', 2, 13, '○', NULL, '●', '단말기기의 언어구분, 메시지부 변환시에 사용
KO(한국어), EN(영어), JP(일본어), ZH(중국어/번체), CN(중국어/간체)', 'fix', 'KO', 6, '2026-07-13 15:32:37.633556+09');
INSERT INTO public.header_fields (id, section, category, field_name_ko, field_name_en, item_type, length, field_offset, required_request, required_mci, required_response, description, setting_type, setting_value, display_order, created_at) VALUES (34, 'system', '표준전문 글로벌ID', '표준전문작성일자', 'TMSG_WRTG_DT', '문자', 8, 15, '○', NULL, '●', '전문작성일 (YYYYMMDD)', 'variable', NULL, 7, '2026-07-13 15:32:37.635114+09');
INSERT INTO public.header_fields (id, section, category, field_name_ko, field_name_en, item_type, length, field_offset, required_request, required_mci, required_response, description, setting_type, setting_value, display_order, created_at) VALUES (35, 'system', '표준전문 글로벌ID', '표준전문생성시스템명', 'TMSG_CRE_SYS_NM', '문자', 8, 23, '○', NULL, '●', '시스템 구분코드(3) + 일련번호(5)
- 시스템 구분코드 : 메타에 등록된 시스템명
- 일련번호 : Random(5)', 'variable', 'LCB + Random(5)', 8, '2026-07-13 15:32:37.635114+09');
INSERT INTO public.header_fields (id, section, category, field_name_ko, field_name_en, item_type, length, field_offset, required_request, required_mci, required_response, description, setting_type, setting_value, display_order, created_at) VALUES (36, 'system', '표준전문 글로벌ID', '표준전문일련번호', 'STD_TMSG_SEQ_NO', '문자', 14, 31, '○', NULL, '●', '전문발생시마다 채번을 하며, 중복이 되어서는 안됨
Random(1) + unix time(13)', 'variable', 'Random(1) + unix time(13)', 9, '2026-07-13 15:32:37.635114+09');
INSERT INTO public.header_fields (id, section, category, field_name_ko, field_name_en, item_type, length, field_offset, required_request, required_mci, required_response, description, setting_type, setting_value, display_order, created_at) VALUES (37, 'system', '표준전문 글로벌ID', '표준전문진행번호', 'STD_TMSG_PRGR_NO', '숫자', 2, 45, '○', NULL, '●', '여러 노드를 거치는 과정의 GID Trace를 하기 위함 (''00'' 고정)', 'fix', '00', 10, '2026-07-13 15:32:37.635114+09');
INSERT INTO public.header_fields (id, section, category, field_name_ko, field_name_en, item_type, length, field_offset, required_request, required_mci, required_response, description, setting_type, setting_value, display_order, created_at) VALUES (38, 'system', '요청시스템정보', '표준전문요청IP주소', 'STN_TMSG_IP', '문자', 39, 47, '○', NULL, '●', 'XXX.XXX.XXX.XXX(IP v4)
EX) 172.16.100.23
주) 온라인거래로그에서 별도 사용(필드명 변경시 고려)', 'variable', NULL, 11, '2026-07-13 15:32:37.637061+09');
INSERT INTO public.header_fields (id, section, category, field_name_ko, field_name_en, item_type, length, field_offset, required_request, required_mci, required_response, description, setting_type, setting_value, display_order, created_at) VALUES (39, 'system', '요청시스템정보', '표준전문요청MAC주소', 'STN_TMSG_MAC', '문자', 17, 86, '○', NULL, '●', '00-00-00-00-00-00 (- 포함)
- 통합UI(Nexacro) 필수 항목
- MCI PUSH를 사용하는 채널은 필수 항목', 'variable', NULL, 12, '2026-07-13 15:32:37.637061+09');
INSERT INTO public.header_fields (id, section, category, field_name_ko, field_name_en, item_type, length, field_offset, required_request, required_mci, required_response, description, setting_type, setting_value, display_order, created_at) VALUES (40, 'system', '요청시스템정보', '최초요청시스템코드', 'FRS_RQST_SYS_CD', '문자', 3, 103, '○', NULL, '●', '메타에 등록된 시스템코드', 'fix', 'LCB', 13, '2026-07-13 15:32:37.637061+09');
INSERT INTO public.header_fields (id, section, category, field_name_ko, field_name_en, item_type, length, field_offset, required_request, required_mci, required_response, description, setting_type, setting_value, display_order, created_at) VALUES (41, 'system', '요청시스템정보', '최초요청일시', 'FRS_RQST_DTM', '문자', 17, 106, '○', NULL, '●', 'YYYYMMDDHHMMSSTTT (년-월-일-시-분-초-1/1000초)', 'variable', NULL, 14, '2026-07-13 15:32:37.637061+09');
INSERT INTO public.header_fields (id, section, category, field_name_ko, field_name_en, item_type, length, field_offset, required_request, required_mci, required_response, description, setting_type, setting_value, display_order, created_at) VALUES (42, 'system', '표준전문 송신정보', '송신시스템코드', 'TRMS_SYS_CD', '문자', 3, 123, '○', '○', '○', '전문 송신시 해당 노드의 시스템 코드를 세팅하며 노드변경마다 해당 시스템 코드로 세팅', 'fix', 'LCB', 15, '2026-07-13 15:32:37.638988+09');
INSERT INTO public.header_fields (id, section, category, field_name_ko, field_name_en, item_type, length, field_offset, required_request, required_mci, required_response, description, setting_type, setting_value, display_order, created_at) VALUES (43, 'system', '표준전문 송신정보', '송신노드번호', 'TRMS_ND_NO', '숫자', 8, 126, '△', '○', '△', '다수의 시스템/혹은 노드로 구성되었을 때에 해당 시스템 노드 정보, 응답시에는 불변,
필요시 설정 가능 (통합UI에서는 빈값)', 'none', NULL, 16, '2026-07-13 15:32:37.638988+09');
INSERT INTO public.header_fields (id, section, category, field_name_ko, field_name_en, item_type, length, field_offset, required_request, required_mci, required_response, description, setting_type, setting_value, display_order, created_at) VALUES (44, 'system', '표준전문 송신정보', '요청응답구분코드', 'RQST_RSPS_DV_CD', '문자', 1, 134, '○', NULL, '○', '요청전문인지 응답전문인지의 구분 (''S'':요청 , ''R'':응답)', 'fix', 'S', 17, '2026-07-13 15:32:37.638988+09');
INSERT INTO public.header_fields (id, section, category, field_name_ko, field_name_en, item_type, length, field_offset, required_request, required_mci, required_response, description, setting_type, setting_value, display_order, created_at) VALUES (45, 'system', '표준전문 송신정보', '업무동기화구분코드', 'TRSC_SYNC_DV_CD', '문자', 1, 135, '○', NULL, '●', '업무 요청후 응답을 대기하는 방식에 따른 구분(''S'':동기(Sync) ,''A'':비동기(Async))', 'fix', 'S', 18, '2026-07-13 15:32:37.638988+09');
INSERT INTO public.header_fields (id, section, category, field_name_ko, field_name_en, item_type, length, field_offset, required_request, required_mci, required_response, description, setting_type, setting_value, display_order, created_at) VALUES (46, 'system', '표준전문 송신정보', '표준전문송신일시', 'TMSG_RQST_DTM', '문자', 17, 136, '○', NULL, '○', '전문 송신시 해당 노드의 송신시각을 설정하며 노드 변경시마다 송신시각을 다시 설정
YYYYMMDDHHMMSSTTT (년-월-일-시-분-초-1/1000초) Format', 'variable', NULL, 19, '2026-07-13 15:32:37.638988+09');
INSERT INTO public.header_fields (id, section, category, field_name_ko, field_name_en, item_type, length, field_offset, required_request, required_mci, required_response, description, setting_type, setting_value, display_order, created_at) VALUES (47, 'system', '표준전문 라우팅정보', '수신서비스코드(거래코드)', 'RECV_SVC_CD', '문자', 13, 153, '△', NULL, '▲', '수신 시스템에서 불려질 실제적인 최종 서비스코드
제공시스템(3)+업무대분류(3)+업무중분류(3)+일련번호(4)', 'variable', 'HBSREMPRR9901 : 예약요청
HBSREMPRR9902 : 예약취소
HBSREMPRR9903 : 예약조회
HBSREMPRR9904 : 예약수정
HBSREMPRR9905 : 캐파조회', 20, '2026-07-13 15:32:37.640513+09');
INSERT INTO public.header_fields (id, section, category, field_name_ko, field_name_en, item_type, length, field_offset, required_request, required_mci, required_response, description, setting_type, setting_value, display_order, created_at) VALUES (48, 'system', '표준전문 라우팅정보', '인터페이스ID', 'INTF_ID', '문자', 18, 166, '○', NULL, '●', 'MCI/EAI 호출을 위한 인터페이스 ID
요청시스템(3)+일련번호(2)+서비스코드(13)', 'variable', 'LCB00HBSREMPRR9901 : 예약요청
LCB00HBSREMPRR9902 : 예약취소
LCB00HBSREMPRR9903 : 예약조회
LCB00HBSREMPRR9904 : 예약수정
LCB00HBSREMPRR9905 : 캐파조회', 21, '2026-07-13 15:32:37.640513+09');
INSERT INTO public.header_fields (id, section, category, field_name_ko, field_name_en, item_type, length, field_offset, required_request, required_mci, required_response, description, setting_type, setting_value, display_order, created_at) VALUES (49, 'system', '표준전문 응답정보', '응답전문 발생 시각', 'TMSG_RSPS_DTM', '문자', 17, 184, '×', NULL, '○', '응답전문 발생시점의 시각, 응답전문을 생성하는 시스템에서 셋팅하며,
응답전문시 매번 리턴하기 전에 Update하고 Logging 처리함
YYYYMMDDHHMMSSTTT (년-월-일-시-분-초-1/1000초) Format', 'none', NULL, 22, '2026-07-13 15:32:37.642351+09');
INSERT INTO public.header_fields (id, section, category, field_name_ko, field_name_en, item_type, length, field_offset, required_request, required_mci, required_response, description, setting_type, setting_value, display_order, created_at) VALUES (50, 'system', '표준전문 응답정보', '처리결과구분코드', 'PRCS_RSLT_CD', '문자', 1, 201, '×', NULL, '○', '응답 전문의 처리 결과 오류 구분
''0''=정상 , ''1''=시스템오류 (시스템오류 발생시 메시지부의 ''메세지정상처리여부''에 -1 설정)', 'none', NULL, 23, '2026-07-13 15:32:37.642351+09');
INSERT INTO public.header_fields (id, section, category, field_name_ko, field_name_en, item_type, length, field_offset, required_request, required_mci, required_response, description, setting_type, setting_value, display_order, created_at) VALUES (51, 'system', '표준전문 응답정보', '오류발생시스템코드', 'ERR_OCC_SYS_CD', '문자', 3, 202, '×', NULL, '△', '응답 전문의 오류발생 시 시스템 코드
메타에 등록된 시스템 코드', 'none', NULL, 24, '2026-07-13 15:32:37.642351+09');
INSERT INTO public.header_fields (id, section, category, field_name_ko, field_name_en, item_type, length, field_offset, required_request, required_mci, required_response, description, setting_type, setting_value, display_order, created_at) VALUES (52, 'system', '표준전문 응답정보', '표준전문오류코드', 'STN_TMSG_ERR_CD', '문자', 9, 205, '×', NULL, '△', '최초 오류 발생시 대표 오류 메시지코드를 설정
오류유형코드 포맷 미정(프로젝트에서 결정 후 수정)', 'none', NULL, 25, '2026-07-13 15:32:37.642351+09');
INSERT INTO public.header_fields (id, section, category, field_name_ko, field_name_en, item_type, length, field_offset, required_request, required_mci, required_response, description, setting_type, setting_value, display_order, created_at) VALUES (53, 'system', 'MCI정보', 'MCI노드번호', 'MCI_NODE_NO', '문자', 8, 214, '△', NULL, '▲', 'MCI에서 송신시 노드 정보 설정
( IGATE + MCI노드ID(1) + MCI서버ID(1) )', 'none', NULL, 26, '2026-07-13 15:32:37.643601+09');
INSERT INTO public.header_fields (id, section, category, field_name_ko, field_name_en, item_type, length, field_offset, required_request, required_mci, required_response, description, setting_type, setting_value, display_order, created_at) VALUES (54, 'system', 'MCI정보', '리모트IP주소', 'REMT_IP', '문자', 24, 222, '△', NULL, '▲', 'MCI에서 확인되는 통합UI의 IP주소', 'none', NULL, 27, '2026-07-13 15:32:37.643601+09');
INSERT INTO public.header_fields (id, section, category, field_name_ko, field_name_en, item_type, length, field_offset, required_request, required_mci, required_response, description, setting_type, setting_value, display_order, created_at) VALUES (55, 'system', 'MCI정보', 'MCI세션ID', 'MCI_SSN_ID', '문자', 8, 246, '△', NULL, '▲', '통합UI에서 MCI 로그인 업무시 발급받은 세션ID를 셋팅', 'none', NULL, 28, '2026-07-13 15:32:37.643601+09');
INSERT INTO public.header_fields (id, section, category, field_name_ko, field_name_en, item_type, length, field_offset, required_request, required_mci, required_response, description, setting_type, setting_value, display_order, created_at) VALUES (56, 'system', '여유', 'FILLER', 'FILLER', '문자', 6, 254, '×', NULL, '×', '시스템 확장을 위한 여유자리', 'none', NULL, 29, '2026-07-13 15:32:37.644802+09');
INSERT INTO public.header_fields (id, section, category, field_name_ko, field_name_en, item_type, length, field_offset, required_request, required_mci, required_response, description, setting_type, setting_value, display_order, created_at) VALUES (57, 'transaction', '거래공통', '표준전문거래유형코드', 'STN_MSG_TR_TP_CD', '문자', 1, 0, '○', NULL, '●', '통신유형에 따른 구분코드, default 값은 ''O''
- O : 온라인', 'fix', 'O', 1, '2026-07-13 15:32:37.690518+09');
INSERT INTO public.header_fields (id, section, category, field_name_ko, field_name_en, item_type, length, field_offset, required_request, required_mci, required_response, description, setting_type, setting_value, display_order, created_at) VALUES (58, 'transaction', '거래공통', '시스템타입', 'SYSTEM_TYPE', '문자', 8, 1, '○', NULL, '●', '시스템타입
리조트FO차세대의 경우 ''HABIS''', 'fix', 'HABIS', 2, '2026-07-13 15:32:37.690518+09');
INSERT INTO public.header_fields (id, section, category, field_name_ko, field_name_en, item_type, length, field_offset, required_request, required_mci, required_response, description, setting_type, setting_value, display_order, created_at) VALUES (59, 'transaction', '거래공통', '화면단축번호', 'SCREEN_SHORTEN_NO', '문자', 5, 9, '△', NULL, '▲', '화면호출단축번호', 'none', NULL, 3, '2026-07-13 15:32:37.690518+09');
INSERT INTO public.header_fields (id, section, category, field_name_ko, field_name_en, item_type, length, field_offset, required_request, required_mci, required_response, description, setting_type, setting_value, display_order, created_at) VALUES (60, 'transaction', '거래공통', '화면ID', 'SCREEN_ID', '문자', 13, 14, '○', NULL, '●', '화면ID
대분류(3)+중분류(3)+일련번호(4)+화면구분(1)+일련번호(2)', 'none', NULL, 4, '2026-07-13 15:32:37.690518+09');
INSERT INTO public.header_fields (id, section, category, field_name_ko, field_name_en, item_type, length, field_offset, required_request, required_mci, required_response, description, setting_type, setting_value, display_order, created_at) VALUES (61, 'transaction', '사용자정보', '법인코드', 'CORP_CD', '문자', 4, 27, '○', NULL, '●', '사용자의 법인코드 (전사 코드 참조)', 'fix', '1000', 5, '2026-07-13 15:32:37.691929+09');
INSERT INTO public.header_fields (id, section, category, field_name_ko, field_name_en, item_type, length, field_offset, required_request, required_mci, required_response, description, setting_type, setting_value, display_order, created_at) VALUES (62, 'transaction', '사용자정보', '회사코드', 'CMP_NO', '문자', 4, 31, '○', NULL, '●', '사용자의 회사코드 (전사 코드 참조)', 'none', NULL, 6, '2026-07-13 15:32:37.691929+09');
INSERT INTO public.header_fields (id, section, category, field_name_ko, field_name_en, item_type, length, field_offset, required_request, required_mci, required_response, description, setting_type, setting_value, display_order, created_at) VALUES (63, 'transaction', '사용자정보', '사업장코드', 'BRANCH_NO', '문자', 4, 35, '○', NULL, '●', '사용자의 사업장 코드 (전사 코드 참조)', 'none', NULL, 7, '2026-07-13 15:32:37.691929+09');
INSERT INTO public.header_fields (id, section, category, field_name_ko, field_name_en, item_type, length, field_offset, required_request, required_mci, required_response, description, setting_type, setting_value, display_order, created_at) VALUES (64, 'transaction', '사용자정보', '영업장코드', 'LOC_CD', '문자', 4, 39, '○', NULL, '●', '사용자의 영업장 코드 (전사 코드 참조)', 'none', NULL, 8, '2026-07-13 15:32:37.691929+09');
INSERT INTO public.header_fields (id, section, category, field_name_ko, field_name_en, item_type, length, field_offset, required_request, required_mci, required_response, description, setting_type, setting_value, display_order, created_at) VALUES (65, 'transaction', '사용자정보', '사용자번호', 'WRKR_NO', '문자', 20, 43, '○', NULL, '●', '사용자의 직원번호', 'fix', 'l1711019', 9, '2026-07-13 15:32:37.691929+09');
INSERT INTO public.header_fields (id, section, category, field_name_ko, field_name_en, item_type, length, field_offset, required_request, required_mci, required_response, description, setting_type, setting_value, display_order, created_at) VALUES (66, 'transaction', '사용자정보', '개인정보 마스킹 여부', 'PERS_INFO_MASK', '문자', 20, 63, '○', NULL, '●', '사용자의 개인정보 마스킹 여부', 'none', NULL, 10, '2026-07-13 15:32:37.691929+09');
INSERT INTO public.header_fields (id, section, category, field_name_ko, field_name_en, item_type, length, field_offset, required_request, required_mci, required_response, description, setting_type, setting_value, display_order, created_at) VALUES (67, 'transaction', '사용자정보', '마스크권한', 'MASK_AUTH', '문자', 1, 83, '○', NULL, '●', '사용자의 개인정보 동의여부', 'fix', '0', 11, '2026-07-13 15:32:37.691929+09');
INSERT INTO public.header_fields (id, section, category, field_name_ko, field_name_en, item_type, length, field_offset, required_request, required_mci, required_response, description, setting_type, setting_value, display_order, created_at) VALUES (68, 'transaction', '대외공통', '대외거래구분코드', 'OSDE_TR_CD', '문자', 1, 84, '△', NULL, '▲', '대외 거래의 종류를 구분하기 위한 코드
''O''=온라인, ''B''=배치', 'none', NULL, 12, '2026-07-13 15:32:37.694373+09');
INSERT INTO public.header_fields (id, section, category, field_name_ko, field_name_en, item_type, length, field_offset, required_request, required_mci, required_response, description, setting_type, setting_value, display_order, created_at) VALUES (69, 'transaction', '대외공통', '대외거래기관구분코드', 'OSDE_TR_ORG_CD', '문자', 6, 85, '△', NULL, '▲', '대외 거래의 기관을 구분하기 위한 코드
대외계 체계에 따름, 예탁원전문일 경우 예탁원에서 발급받은 코드', 'none', NULL, 13, '2026-07-13 15:32:37.694373+09');
INSERT INTO public.header_fields (id, section, category, field_name_ko, field_name_en, item_type, length, field_offset, required_request, required_mci, required_response, description, setting_type, setting_value, display_order, created_at) VALUES (70, 'transaction', '대외공통', '대외거래전문종별구분코드', 'OSDE_TR_MSG_CD', '문자', 4, 91, '△', NULL, '▲', '대외 거래 전문의 종류를 구분하기 위한 코드
대외계 체계에 따름', 'none', NULL, 14, '2026-07-13 15:32:37.694373+09');
INSERT INTO public.header_fields (id, section, category, field_name_ko, field_name_en, item_type, length, field_offset, required_request, required_mci, required_response, description, setting_type, setting_value, display_order, created_at) VALUES (71, 'transaction', '대외공통', '대외거래업무구분코드', 'OSDE_TR_JOB_CD', '문자', 3, 95, '△', NULL, '▲', '대외 거래의 업무를 구분하기 위한 코드
대외계 체계에 따름, 예탁원전문일 경우 통신망 관리정보', 'none', NULL, 15, '2026-07-13 15:32:37.694373+09');
INSERT INTO public.header_fields (id, section, category, field_name_ko, field_name_en, item_type, length, field_offset, required_request, required_mci, required_response, description, setting_type, setting_value, display_order, created_at) VALUES (72, 'transaction', '대외공통', '대외거래라우팅ID', 'OSDE_TR_RUTN_ID', '문자', 12, 98, '△', NULL, '▲', '대외 요청에 대한 기관 라우팅 정보
대외계 체계에 따름, 예탁원전문일 경우 데이터전문코드(10)+공백(2)', 'none', NULL, 16, '2026-07-13 15:32:37.694373+09');
INSERT INTO public.header_fields (id, section, category, field_name_ko, field_name_en, item_type, length, field_offset, required_request, required_mci, required_response, description, setting_type, setting_value, display_order, created_at) VALUES (73, 'transaction', '대외공통', '대외거래일련번호', 'OSDE_TR_PRG_NO', '숫자', 8, 110, '△', NULL, '▲', '대외 거래 전문의 일련번호
대외계 체계에 따름.
대외수신 전문의 경우 기관에서 채번한 일련번호 임.
대외기관으로 송신하는 전문의 경우 대외 MCI에서 채번한 일련번호 임.', 'none', NULL, 17, '2026-07-13 15:32:37.694373+09');
INSERT INTO public.header_fields (id, section, category, field_name_ko, field_name_en, item_type, length, field_offset, required_request, required_mci, required_response, description, setting_type, setting_value, display_order, created_at) VALUES (74, 'transaction', '여유', 'FILLER', 'FILLER', '문자', 9, 118, '×', NULL, '×', '시스템 확장을 위한 여유자리', 'none', NULL, 18, '2026-07-13 15:32:37.695749+09');
INSERT INTO public.header_fields (id, section, category, field_name_ko, field_name_en, item_type, length, field_offset, required_request, required_mci, required_response, description, setting_type, setting_value, display_order, created_at) VALUES (75, 'message', NULL, '메세지 정상 처리 여부', 'MSG_PRCS_RSLT_CD', '문자', 2, 0, '×', '△', '○', '에러코드 콜백 오류코드
정상 0, 오류 -1', 'none', NULL, 1, '2026-07-13 15:32:37.743198+09');
INSERT INTO public.header_fields (id, section, category, field_name_ko, field_name_en, item_type, length, field_offset, required_request, required_mci, required_response, description, setting_type, setting_value, display_order, created_at) VALUES (76, 'message', NULL, '메시지 데이터부 반복횟수', 'MSG_DATA_SUB_RPTT_CNT', '숫자', 1, 2, '×', '△', '△', '메시지부 반복횟수
메시지가 없을 경우 ''0''', 'none', NULL, 2, '2026-07-13 15:32:37.743198+09');
INSERT INTO public.header_fields (id, section, category, field_name_ko, field_name_en, item_type, length, field_offset, required_request, required_mci, required_response, description, setting_type, setting_value, display_order, created_at) VALUES (77, 'message', '메시지 데이터부(MSG_DATA_SUB)', '메시지표시구분코드', 'MSG_INDC_CD', '문자', 4, 3, '×', '△', '△', '메시지 표시 방법
''0'' : 일반 메시지 창 출력 (정상/에러 메시지창) DEFAULT
''1'' : 거래 상태바에만 출력 (단말 메시지 창 출력 안함)
''9'' : 메시지 창 출력 안함', 'none', NULL, 3, '2026-07-13 15:32:37.744529+09');
INSERT INTO public.header_fields (id, section, category, field_name_ko, field_name_en, item_type, length, field_offset, required_request, required_mci, required_response, description, setting_type, setting_value, display_order, created_at) VALUES (78, 'message', '메시지 데이터부(MSG_DATA_SUB)', '메시지코드', 'MSG_CD', '문자', 12, 7, '×', '△', '△', '메시지 코드 체계에 따르며 메시지 내용이 200바이트 이상일 경우 동일 메시지 코드를 지정하며 메시지 내용은 분할 삽입.', 'none', NULL, 4, '2026-07-13 15:32:37.744529+09');
INSERT INTO public.header_fields (id, section, category, field_name_ko, field_name_en, item_type, length, field_offset, required_request, required_mci, required_response, description, setting_type, setting_value, display_order, created_at) VALUES (79, 'message', '메시지 데이터부(MSG_DATA_SUB)', '메시지내용', 'MSG_CTNS', '문자', 400, 19, '×', '△', '△', '주메시지 내용', 'none', NULL, 5, '2026-07-13 15:32:37.744529+09');


ALTER TABLE public.header_fields ENABLE TRIGGER ALL;

--
-- Data for Name: users; Type: TABLE DATA; Schema: public; Owner: postgres
--

ALTER TABLE public.users DISABLE TRIGGER ALL;

INSERT INTO public.users (id, username, password_hash, name, role, partner_id, created_at) VALUES (1, 'admin', '$2b$10$3HrMYoyL5qKWvOtcUz0urORp3I2cU/gPvcjUK2mpLZIYNkUtLRduS', '깅밍굥', 'admin', NULL, '2026-06-26 14:29:55.406891+09');
INSERT INTO public.users (id, username, password_hash, name, role, partner_id, created_at) VALUES (2, '88007882', '$2b$10$BR9V1nSrLnkNelk16NSIduzJsDb.xwj2tekO9J1TT20KKcCYfZMTC', '김주희', 'BigCorp', 1, '2026-06-26 15:02:26.409873+09');
INSERT INTO public.users (id, username, password_hash, name, role, partner_id, created_at) VALUES (3, '69249209', '$2b$10$8.pDioENqaMbBbYe5n63g.TUsfjQSKqQBnytXZQMhA0OPEr7HRLQq', '박승욱', 'BigCorp', 3, '2026-06-26 15:02:41.012472+09');
INSERT INTO public.users (id, username, password_hash, name, role, partner_id, created_at) VALUES (4, '73810832', '$2b$10$CXrRMKKjdjpTTVTq80Jm4.UAvECCYuDolwqLdeNR2l3a8jm4UfBaq', '윤태윤', 'BigCorp', 4, '2026-07-13 14:37:10.618492+09');


ALTER TABLE public.users ENABLE TRIGGER ALL;

--
-- Data for Name: inquiries; Type: TABLE DATA; Schema: public; Owner: postgres
--

ALTER TABLE public.inquiries DISABLE TRIGGER ALL;

INSERT INTO public.inquiries (id, user_id, question, answer, status, is_faq, answered_at, created_at) VALUES (5, 2, '이22222222 문희는 답변을 대기하도록 하겠습니다', NULL, 'pending', false, NULL, '2026-06-26 15:03:18.834454+09');
INSERT INTO public.inquiries (id, user_id, question, answer, status, is_faq, answered_at, created_at) VALUES (4, 2, '아...문희가 있습니다
가문희
나문희 다문희!!!!!!!!!!!!!!!!!!', '라문희입니다.', 'answered', true, '2026-06-26 15:07:46.212941+09', '2026-06-26 15:03:05.87829+09');
INSERT INTO public.inquiries (id, user_id, question, answer, status, is_faq, answered_at, created_at) VALUES (6, 3, '나도 문의가 있는데요~
이렇게 쓰면
되는 건지 궁금하기도
하고 안궁금함', NULL, 'pending', false, NULL, '2026-06-26 15:33:08.761811+09');
INSERT INTO public.inquiries (id, user_id, question, answer, status, is_faq, answered_at, created_at) VALUES (1, 1, '콘도예약 API 호출 시 401 오류가 발생합니다', '토큰 만료 여부를 확인하고 재발급 신청해주세요.', 'answered', false, NULL, '2026-06-26 14:29:27.106078+09');
INSERT INTO public.inquiries (id, user_id, question, answer, status, is_faq, answered_at, created_at) VALUES (2, 1, '방화벽 해제 처리 기간은 얼마나 걸리나요?', '신청 후 1~2 영업일 이내 처리됩니다.', 'answered', true, NULL, '2026-06-26 14:29:27.106078+09');
INSERT INTO public.inquiries (id, user_id, question, answer, status, is_faq, answered_at, created_at) VALUES (3, 1, '골프 예약 API에서 예약 취소 시 환불 처리는 어떻게 되나요?', NULL, 'pending', false, NULL, '2026-06-26 14:29:27.106078+09');
INSERT INTO public.inquiries (id, user_id, question, answer, status, is_faq, answered_at, created_at) VALUES (7, 1, '나는 관리자입니다', '정중히 신청해야 받아줍니다
?
??

???
????

ㅇㅇ', 'answered', true, '2026-06-26 15:35:30.117953+09', '2026-06-26 15:35:12.139492+09');
INSERT INTO public.inquiries (id, user_id, question, answer, status, is_faq, answered_at, created_at) VALUES (8, 1, '문의 추가 테스트', '입니다', 'answered', true, '2026-06-26 15:53:54.929208+09', '2026-06-26 15:53:54.929208+09');
INSERT INTO public.inquiries (id, user_id, question, answer, status, is_faq, answered_at, created_at) VALUES (9, NULL, '콘도예약 API 호출 시 401 오류가 발생합니다', '토큰 만료 여부를 확인하고 재발급 신청해주세요.', 'answered', false, NULL, '2026-07-13 15:32:37.431109+09');
INSERT INTO public.inquiries (id, user_id, question, answer, status, is_faq, answered_at, created_at) VALUES (10, NULL, '방화벽 해제 처리 기간은 얼마나 걸리나요?', '신청 후 1~2 영업일 이내 처리됩니다.', 'answered', false, NULL, '2026-07-13 15:32:37.431109+09');
INSERT INTO public.inquiries (id, user_id, question, answer, status, is_faq, answered_at, created_at) VALUES (11, NULL, '골프 예약 API에서 예약 취소 시 환불 처리는 어떻게 되나요?', NULL, 'pending', false, NULL, '2026-07-13 15:32:37.431109+09');


ALTER TABLE public.inquiries ENABLE TRIGGER ALL;

--
-- Data for Name: menus; Type: TABLE DATA; Schema: public; Owner: postgres
--

ALTER TABLE public.menus DISABLE TRIGGER ALL;

INSERT INTO public.menus (id, parent_id, name, path, menu_type, icon, admin_only, display_order, is_active, created_at, updated_at) VALUES (3, NULL, 'API', '/api-reference', 'nav', NULL, false, 3, true, '2026-07-10 16:35:33.078604+09', '2026-07-10 16:35:33.078604+09');
INSERT INTO public.menus (id, parent_id, name, path, menu_type, icon, admin_only, display_order, is_active, created_at, updated_at) VALUES (4, NULL, '운영 지원', '/support', 'nav', NULL, false, 4, true, '2026-07-10 16:35:33.078604+09', '2026-07-10 16:35:33.078604+09');
INSERT INTO public.menus (id, parent_id, name, path, menu_type, icon, admin_only, display_order, is_active, created_at, updated_at) VALUES (6, 5, '파트너사 코드 신청', '/admin/partners', 'admin-tab', '👤', true, 1, true, '2026-07-10 16:35:33.081022+09', '2026-07-10 16:35:33.081022+09');
INSERT INTO public.menus (id, parent_id, name, path, menu_type, icon, admin_only, display_order, is_active, created_at, updated_at) VALUES (7, 5, '방화벽·토큰 요청', '/admin/firewall', 'admin-tab', '🔓', true, 2, true, '2026-07-10 16:35:33.081022+09', '2026-07-10 16:35:33.081022+09');
INSERT INTO public.menus (id, parent_id, name, path, menu_type, icon, admin_only, display_order, is_active, created_at, updated_at) VALUES (8, 5, '문의 확인', '/admin/inquiries', 'admin-tab', '💬', true, 3, true, '2026-07-10 16:35:33.081022+09', '2026-07-10 16:35:33.081022+09');
INSERT INTO public.menus (id, parent_id, name, path, menu_type, icon, admin_only, display_order, is_active, created_at, updated_at) VALUES (9, 5, '공지사항 관리', '/admin/notices', 'admin-tab', '📢', true, 4, true, '2026-07-10 16:35:33.081022+09', '2026-07-10 16:35:33.081022+09');
INSERT INTO public.menus (id, parent_id, name, path, menu_type, icon, admin_only, display_order, is_active, created_at, updated_at) VALUES (10, 5, 'API 등록/관리', '/admin/apis', 'admin-tab', '🧩', true, 5, true, '2026-07-10 16:35:33.081022+09', '2026-07-10 16:35:33.081022+09');
INSERT INTO public.menus (id, parent_id, name, path, menu_type, icon, admin_only, display_order, is_active, created_at, updated_at) VALUES (11, 5, '메뉴 관리', '/admin/menus', 'admin-tab', '🗂', true, 6, true, '2026-07-10 16:35:33.081022+09', '2026-07-10 16:35:33.081022+09');
INSERT INTO public.menus (id, parent_id, name, path, menu_type, icon, admin_only, display_order, is_active, created_at, updated_at) VALUES (13, 3, '공통', NULL, 'group', NULL, false, 10, true, '2026-07-10 16:35:33.088543+09', '2026-07-10 16:35:33.088543+09');
INSERT INTO public.menus (id, parent_id, name, path, menu_type, icon, admin_only, display_order, is_active, created_at, updated_at) VALUES (14, 3, '리조트', NULL, 'group', NULL, false, 20, true, '2026-07-10 16:35:33.088543+09', '2026-07-10 16:35:33.088543+09');
INSERT INTO public.menus (id, parent_id, name, path, menu_type, icon, admin_only, display_order, is_active, created_at, updated_at) VALUES (15, 3, '에스테이트', NULL, 'group', NULL, false, 30, true, '2026-07-10 16:35:33.088543+09', '2026-07-10 16:35:33.088543+09');
INSERT INTO public.menus (id, parent_id, name, path, menu_type, icon, admin_only, display_order, is_active, created_at, updated_at) VALUES (16, 13, '헤더', '/api-reference?doc=header', 'api-doc', NULL, false, 11, true, '2026-07-10 16:35:33.090416+09', '2026-07-10 16:35:33.203112+09');
INSERT INTO public.menus (id, parent_id, name, path, menu_type, icon, admin_only, display_order, is_active, created_at, updated_at) VALUES (17, 13, '인증', '/api-reference?doc=auth', 'api-doc', NULL, false, 12, true, '2026-07-10 16:35:33.090416+09', '2026-07-10 16:35:33.203112+09');
INSERT INTO public.menus (id, parent_id, name, path, menu_type, icon, admin_only, display_order, is_active, created_at, updated_at) VALUES (18, 13, '에러 코드', '/api-reference?doc=error-codes', 'api-doc', NULL, false, 13, true, '2026-07-10 16:35:33.090416+09', '2026-07-10 16:35:33.203112+09');
INSERT INTO public.menus (id, parent_id, name, path, menu_type, icon, admin_only, display_order, is_active, created_at, updated_at) VALUES (19, 14, '대형법인사', '/api-reference?doc=condo', 'api-doc', NULL, false, 21, true, '2026-07-10 16:35:33.090416+09', '2026-07-10 16:35:33.207767+09');
INSERT INTO public.menus (id, parent_id, name, path, menu_type, icon, admin_only, display_order, is_active, created_at, updated_at) VALUES (21, 14, '상품/쿠폰', '/api-reference?doc=product', 'api-doc', NULL, false, 23, true, '2026-07-10 16:35:33.090416+09', '2026-07-10 16:35:33.207767+09');
INSERT INTO public.menus (id, parent_id, name, path, menu_type, icon, admin_only, display_order, is_active, created_at, updated_at) VALUES (22, 14, 'H-LIVE포인트', '/api-reference?doc=hlive', 'api-doc', NULL, false, 24, true, '2026-07-10 16:35:33.090416+09', '2026-07-10 16:35:33.207767+09');
INSERT INTO public.menus (id, parent_id, name, path, menu_type, icon, admin_only, display_order, is_active, created_at, updated_at) VALUES (23, 15, '부대시설', '/api-reference?doc=estate-facility', 'api-doc', NULL, false, 31, true, '2026-07-10 16:35:33.090416+09', '2026-07-10 16:35:33.208936+09');
INSERT INTO public.menus (id, parent_id, name, path, menu_type, icon, admin_only, display_order, is_active, created_at, updated_at) VALUES (12, 5, '권한 그룹 관리', '/admin/roles', 'admin-tab', '🔑', true, 7, true, '2026-07-10 16:35:33.081022+09', '2026-07-10 16:35:33.081022+09');
INSERT INTO public.menus (id, parent_id, name, path, menu_type, icon, admin_only, display_order, is_active, created_at, updated_at) VALUES (2, NULL, '시작하기', '/guide', 'nav', NULL, false, 2, true, '2026-07-10 16:35:33.078604+09', '2026-07-10 16:56:12.273237+09');
INSERT INTO public.menus (id, parent_id, name, path, menu_type, icon, admin_only, display_order, is_active, created_at, updated_at) VALUES (1, NULL, 'HOME', '/home', 'nav', NULL, false, 1, true, '2026-07-10 16:35:33.078604+09', '2026-07-10 17:12:24.999789+09');
INSERT INTO public.menus (id, parent_id, name, path, menu_type, icon, admin_only, display_order, is_active, created_at, updated_at) VALUES (24, 5, '사용자별 권한관리', '/admin/partner-roles', 'nav', '🧑‍💼', true, 8, true, '2026-07-10 17:25:58.538447+09', '2026-07-10 17:25:58.538447+09');
INSERT INTO public.menus (id, parent_id, name, path, menu_type, icon, admin_only, display_order, is_active, created_at, updated_at) VALUES (20, 14, '골프장 키오스크', '/api-reference?doc=OchKioskRsv', 'api-doc', NULL, false, 22, true, '2026-07-10 16:35:33.090416+09', '2026-07-13 16:44:57.971478+09');
INSERT INTO public.menus (id, parent_id, name, path, menu_type, icon, admin_only, display_order, is_active, created_at, updated_at) VALUES (5, NULL, '관리자', '/admin', 'nav', NULL, true, 5, true, '2026-07-10 16:35:33.078604+09', '2026-07-13 13:50:06.980697+09');


ALTER TABLE public.menus ENABLE TRIGGER ALL;

--
-- Data for Name: notices; Type: TABLE DATA; Schema: public; Owner: postgres
--

ALTER TABLE public.notices DISABLE TRIGGER ALL;

INSERT INTO public.notices (id, tag, tag_type, title, content, is_visible, created_at) VALUES (1, '공지 NEW', 'new', '[필독] API 인증 방식 변경 안내 (Bearer Token)', NULL, true, '2025-08-01 09:00:00+09');
INSERT INTO public.notices (id, tag, tag_type, title, content, is_visible, created_at) VALUES (2, '공지', 'notice', '스테이징 서버 점검 일정 안내 (8/15 02:00~06:00)', NULL, true, '2025-07-28 09:00:00+09');
INSERT INTO public.notices (id, tag, tag_type, title, content, is_visible, created_at) VALUES (3, '업데이트', 'update', '콘도예약 API v2.1 배포 안내 – 파라미터 추가', NULL, true, '2025-07-20 09:00:00+09');
INSERT INTO public.notices (id, tag, tag_type, title, content, is_visible, created_at) VALUES (4, '공지', 'notice', '추석 연휴 운영 안내 (9/15~9/17 긴급 대응팀 운영)', NULL, true, '2025-07-10 09:00:00+09');
INSERT INTO public.notices (id, tag, tag_type, title, content, is_visible, created_at) VALUES (5, '공지 NEW', 'new', '[필독] API 인증 방식 변경 안내 (Bearer Token)', NULL, true, '2025-08-01 09:00:00+09');
INSERT INTO public.notices (id, tag, tag_type, title, content, is_visible, created_at) VALUES (6, '공지', 'notice', '스테이징 서버 점검 일정 안내 (8/15 02:00~06:00)', NULL, true, '2025-07-28 09:00:00+09');
INSERT INTO public.notices (id, tag, tag_type, title, content, is_visible, created_at) VALUES (7, '업데이트', 'update', '콘도예약 API v2.1 배포 안내 – 파라미터 추가', NULL, true, '2025-07-20 09:00:00+09');
INSERT INTO public.notices (id, tag, tag_type, title, content, is_visible, created_at) VALUES (8, '공지', 'notice', '추석 연휴 운영 안내 (9/15~9/17 긴급 대응팀 운영)', NULL, true, '2025-07-10 09:00:00+09');


ALTER TABLE public.notices ENABLE TRIGGER ALL;

--
-- Data for Name: partner_firewall_applies; Type: TABLE DATA; Schema: public; Owner: postgres
--

ALTER TABLE public.partner_firewall_applies DISABLE TRIGGER ALL;

INSERT INTO public.partner_firewall_applies (id, user_id, source_ip, source_hostname, dest_ip, dest_hostname, approval_status, reject_reason, note, requested_at, approved_at, dest_port, token) VALUES (3, 2, '222.222.222.222', 'http://serverreal.monkey.com', '211.197.235.53', 'exgate.hanwharesort.co.kr', 'pending', NULL, '운영 뚤허서 마비시킨다잉', '2026-06-26 15:06:54.889994+09', NULL, '443', NULL);
INSERT INTO public.partner_firewall_applies (id, user_id, source_ip, source_hostname, dest_ip, dest_hostname, approval_status, reject_reason, note, requested_at, approved_at, dest_port, token) VALUES (1, 2, '111.111.111.111', 'http://server.monkey.com', '211.197.235.21', 'exgatedev.hanwharesort.co.kr', 'rejected', '너무 예의가 없네요', 'ㅋㅋㅋㅋㅋ컄ㅋㅋ 방화벽 뚫려라잉~~~!!!', '2026-06-26 15:06:19.997523+09', '2026-06-26 15:07:13.59113+09', '80', NULL);
INSERT INTO public.partner_firewall_applies (id, user_id, source_ip, source_hostname, dest_ip, dest_hostname, approval_status, reject_reason, note, requested_at, approved_at, dest_port, token) VALUES (2, 2, '111.111.111.222', 'http://server.monkey.com', '211.197.235.21', 'exgatedev.hanwharesort.co.kr', 'approved', NULL, '죄송합니다 예의있게 다시 신청하겠습니다', '2026-06-26 15:06:35.50431+09', '2026-06-26 15:07:16.254632+09', '80', 'HWR41306337');
INSERT INTO public.partner_firewall_applies (id, user_id, source_ip, source_hostname, dest_ip, dest_hostname, approval_status, reject_reason, note, requested_at, approved_at, dest_port, token) VALUES (4, 3, '999.888.777.666', 'https://iamking.api.com', '211.197.235.21', 'exgatedev.hanwharesort.co.kr', 'pending', NULL, '나는 정중히 신청하는
왕입니다용
갈히', '2026-06-26 15:34:44.985276+09', NULL, '80', NULL);
INSERT INTO public.partner_firewall_applies (id, user_id, source_ip, source_hostname, dest_ip, dest_hostname, approval_status, reject_reason, note, requested_at, approved_at, dest_port, token) VALUES (5, 4, '192.223.444.12', 'server.aiaiai.co.kr', '211.197.235.21', 'exgatedev.hanwharesort.co.kr', 'pending', NULL, '하.... 휴가 언제 갈 수 있냐 ㅠㅠㅠㅠㅠㅠㅠㅠㅠㅠ.ㅠ', '2026-07-13 14:38:02.80072+09', NULL, '80', NULL);


ALTER TABLE public.partner_firewall_applies ENABLE TRIGGER ALL;

--
-- Data for Name: role_menus; Type: TABLE DATA; Schema: public; Owner: postgres
--

ALTER TABLE public.role_menus DISABLE TRIGGER ALL;

INSERT INTO public.role_menus (role_id, menu_id) VALUES (1, 1);
INSERT INTO public.role_menus (role_id, menu_id) VALUES (1, 2);
INSERT INTO public.role_menus (role_id, menu_id) VALUES (1, 3);
INSERT INTO public.role_menus (role_id, menu_id) VALUES (1, 4);
INSERT INTO public.role_menus (role_id, menu_id) VALUES (1, 5);
INSERT INTO public.role_menus (role_id, menu_id) VALUES (1, 6);
INSERT INTO public.role_menus (role_id, menu_id) VALUES (1, 7);
INSERT INTO public.role_menus (role_id, menu_id) VALUES (1, 8);
INSERT INTO public.role_menus (role_id, menu_id) VALUES (1, 9);
INSERT INTO public.role_menus (role_id, menu_id) VALUES (1, 10);
INSERT INTO public.role_menus (role_id, menu_id) VALUES (1, 11);
INSERT INTO public.role_menus (role_id, menu_id) VALUES (1, 12);
INSERT INTO public.role_menus (role_id, menu_id) VALUES (1, 13);
INSERT INTO public.role_menus (role_id, menu_id) VALUES (1, 14);
INSERT INTO public.role_menus (role_id, menu_id) VALUES (1, 15);
INSERT INTO public.role_menus (role_id, menu_id) VALUES (1, 16);
INSERT INTO public.role_menus (role_id, menu_id) VALUES (1, 17);
INSERT INTO public.role_menus (role_id, menu_id) VALUES (1, 18);
INSERT INTO public.role_menus (role_id, menu_id) VALUES (1, 19);
INSERT INTO public.role_menus (role_id, menu_id) VALUES (1, 20);
INSERT INTO public.role_menus (role_id, menu_id) VALUES (1, 21);
INSERT INTO public.role_menus (role_id, menu_id) VALUES (1, 22);
INSERT INTO public.role_menus (role_id, menu_id) VALUES (1, 23);
INSERT INTO public.role_menus (role_id, menu_id) VALUES (2, 1);
INSERT INTO public.role_menus (role_id, menu_id) VALUES (2, 2);
INSERT INTO public.role_menus (role_id, menu_id) VALUES (2, 3);
INSERT INTO public.role_menus (role_id, menu_id) VALUES (2, 13);
INSERT INTO public.role_menus (role_id, menu_id) VALUES (2, 16);
INSERT INTO public.role_menus (role_id, menu_id) VALUES (2, 17);
INSERT INTO public.role_menus (role_id, menu_id) VALUES (2, 18);
INSERT INTO public.role_menus (role_id, menu_id) VALUES (2, 14);
INSERT INTO public.role_menus (role_id, menu_id) VALUES (2, 19);
INSERT INTO public.role_menus (role_id, menu_id) VALUES (2, 20);
INSERT INTO public.role_menus (role_id, menu_id) VALUES (2, 15);
INSERT INTO public.role_menus (role_id, menu_id) VALUES (2, 4);
INSERT INTO public.role_menus (role_id, menu_id) VALUES (1, 24);
INSERT INTO public.role_menus (role_id, menu_id) VALUES (3, 1);
INSERT INTO public.role_menus (role_id, menu_id) VALUES (3, 2);
INSERT INTO public.role_menus (role_id, menu_id) VALUES (3, 3);
INSERT INTO public.role_menus (role_id, menu_id) VALUES (3, 14);
INSERT INTO public.role_menus (role_id, menu_id) VALUES (3, 20);
INSERT INTO public.role_menus (role_id, menu_id) VALUES (3, 21);
INSERT INTO public.role_menus (role_id, menu_id) VALUES (3, 4);
INSERT INTO public.role_menus (role_id, menu_id) VALUES (6, 3);
INSERT INTO public.role_menus (role_id, menu_id) VALUES (6, 4);
INSERT INTO public.role_menus (role_id, menu_id) VALUES (6, 13);
INSERT INTO public.role_menus (role_id, menu_id) VALUES (6, 14);
INSERT INTO public.role_menus (role_id, menu_id) VALUES (6, 15);
INSERT INTO public.role_menus (role_id, menu_id) VALUES (6, 16);
INSERT INTO public.role_menus (role_id, menu_id) VALUES (6, 17);
INSERT INTO public.role_menus (role_id, menu_id) VALUES (6, 18);
INSERT INTO public.role_menus (role_id, menu_id) VALUES (6, 19);
INSERT INTO public.role_menus (role_id, menu_id) VALUES (6, 20);
INSERT INTO public.role_menus (role_id, menu_id) VALUES (6, 21);
INSERT INTO public.role_menus (role_id, menu_id) VALUES (6, 22);
INSERT INTO public.role_menus (role_id, menu_id) VALUES (6, 23);
INSERT INTO public.role_menus (role_id, menu_id) VALUES (6, 2);
INSERT INTO public.role_menus (role_id, menu_id) VALUES (6, 1);


ALTER TABLE public.role_menus ENABLE TRIGGER ALL;

--
-- Name: api_specs_id_seq; Type: SEQUENCE SET; Schema: public; Owner: postgres
--

SELECT pg_catalog.setval('public.api_specs_id_seq', 3, true);


--
-- Name: firewall_requests_id_seq; Type: SEQUENCE SET; Schema: public; Owner: postgres
--

SELECT pg_catalog.setval('public.firewall_requests_id_seq', 1, false);


--
-- Name: header_fields_id_seq; Type: SEQUENCE SET; Schema: public; Owner: postgres
--

SELECT pg_catalog.setval('public.header_fields_id_seq', 79, true);


--
-- Name: inquiries_id_seq; Type: SEQUENCE SET; Schema: public; Owner: postgres
--

SELECT pg_catalog.setval('public.inquiries_id_seq', 11, true);


--
-- Name: menus_id_seq; Type: SEQUENCE SET; Schema: public; Owner: postgres
--

SELECT pg_catalog.setval('public.menus_id_seq', 73, true);


--
-- Name: notices_id_seq; Type: SEQUENCE SET; Schema: public; Owner: postgres
--

SELECT pg_catalog.setval('public.notices_id_seq', 8, true);


--
-- Name: partner_firewall_applies_id_seq; Type: SEQUENCE SET; Schema: public; Owner: postgres
--

SELECT pg_catalog.setval('public.partner_firewall_applies_id_seq', 5, true);


--
-- Name: partners_id_seq; Type: SEQUENCE SET; Schema: public; Owner: postgres
--

SELECT pg_catalog.setval('public.partners_id_seq', 6, true);


--
-- Name: roles_id_seq; Type: SEQUENCE SET; Schema: public; Owner: postgres
--

SELECT pg_catalog.setval('public.roles_id_seq', 6, true);


--
-- Name: users_id_seq; Type: SEQUENCE SET; Schema: public; Owner: postgres
--

SELECT pg_catalog.setval('public.users_id_seq', 4, true);


--
-- PostgreSQL database dump complete
--


